{"round": 30, "totalRobots": 256, "totalDeadRobots": 667, "bestScoreWorld": [[6.67, 6.67, 6.3, 6.67, 6.15, 6.3, 6.3, 6.3, 6.22, 6.12, 5.96, 6.16, 6.33, 6.24, 6.16, 6.12], [6.67, 6.3, 6.67, 21.34, 10.27, 6.3, 6.3, 6.3, 6.12, 5.95, 6.12, 6.23, 6.24, 6.33, 6.32, 6.32], [6.38, 6.67, 9.5, 18.87, 35.13, 11.33, 6.3, 6.3, 5.96, 6.12, 5.96, 6.12, 6.33, 6.32, 6.23, 6.16], [6.38, 6.38, 22.51, 21.34, 42.73, 9.45, 9.45, 21.28, 9.95, 5.96, 6.12, 5.96, 6.32, 6.33, 6.32, 6.23], [6.38, 6.43, 14.33, 12.24, 51.97, 28.47, 11.33, 19.16, 11.31, 6.12, 5.95, 6.12, 6.07, 6.16, 6.33, 6.32], [12.22, 9.5, 20.59, 23.82, 101.54, 21.16, 12.16, 56.76, 19.77, 5.95, 5.95, 5.96, 6.12, 5.95, 5.96, 5.95], [11.16, 12.22, 14.33, 67.06, 57.52, 85.19, 56.3, 49.06, 13.84, 11.3, 6.18, 6.18, 5.95, 5.96, 5.96, 5.86], [6.22, 12.8, 17.65, 37.58, 67.42, 45.41, 65.16, 16.38, 13.73, 11.31, 5.95, 5.86, 5.79, 5.96, 5.96, 5.8], [6.22, 6.02, 49.14, 26.31, 13.49, 17.79, 6.63, 18.48, 6.49, 8.83, 8.88, 8.88, 8.88, 5.97, 5.79, 5.86], [6.02, 6.22, 6.63, 46.6, 18.57, 21.58, 9.24, 20.75, 11.32, 6.22, 6.74, 6.88, 6.75, 6.48, 5.78, 5.95], [6.22, 6.63, 49.69, 6.63, 9.32, 9.52, 8.71, 17.38, 8.73, 6.24, 6.41, 6.24, 6.41, 5.27, 6.01, 5.68], [6.67, 6.01, 6.63, 6.63, 6.63, 42.77, 9.67, 6.22, 9.81, 5.24, 12.42, 5.61, 6.4, 5.24, 5.43, 5.95], [6.18, 5.76, 6.46, 6.19, 27.64, 16.23, 6.76, 16.82, 6.27, 12.35, 5.29, 6.07, 5.58, 6.69, 5.8, 6.3], [5.79, 5.88, 6.11, 5.86, 6.63, 27.59, 12.62, 60.64, 8.77, 9.73, 8.77, 5.24, 6.07, 5.54, 3.6, 5.54], [5.88, 5.67, 5.88, 6.11, 6.95, 6.55, 25.84, 12.74, 4.56, 9.25, 6.07, 9.25, 4.94, 5.31, 4.94, 4.11], [5.83, 5.88, 5.86, 6.51, 6.34, 6.95, 8.46, 34.52, 6.07, 6.07, 5.57, 5.24, 5.21, 5.89, 4.86, 4.94]], "topScore": 101.54449237313327, "topRobot": [[3.0, 4.0, 3.0, 3.0, 4.0], [2.0, 4.0, 3.0, 0.0, 1.0], [3.0, 4.0, 0.0, 0.0, 0.0], [4.0, 1.0, 2.0, 3.0, 1.0], [0.0, 0.0, 2.0, 2.0, 4.0]], "topGenes": [[[1.0, 1.0, 1.0, 1.0, 1.0], [0.0, 1.0, 1.0, 1.0, 1.0], [1.0, 0.0, 0.0, 1.0, 0.0], [1.0, 0.0, 1.0, 0.0, 0.0], [0.0, 0.0, 0.0, 1.0, 1.0]], [[6.17, 5.84, -3.63, -5.48, 3.78], [3.38, -4.9399999999999995, 6.04, -5.31, -1.16], [4.62, -1.53, 1.2, 0.09, -2.5], [-6.14, 1.45, -0.42, 2.99, 5.82], [-2.26, 1.2, -5.94, -3.48, -0.81]], [[4.48, 4.53, 2.69, -2.7, -5.17], [-2.59, 1.44, 4.45, -2.39, -3.8], [-5.75, 4.98, 1.81, 5.53, -3.3], [0.61, -6.03, 1.6, 2.6, 2.21], [1.16, -1.64, 3.42, -2.39, -3.93]], [[5.39, -4.23, 0.87, 0.92, 6.15], [-4.39, -5.72, -2.12, 6.26, -5.89], [-4.32, 5.76, 0.42000000000000004, 1.51, 2.77], [0.27, 0.6599999999999999, -5.53, -1.85, -5.52], [-0.55, -2.35, -1.54, 2.95, -3.28]]], "topRobotLocation": [4, 5], "env_1_BestScorer": [[[3.0, 4.0, 3.0, 3.0, 4.0], [2.0, 4.0, 3.0, 0.0, 1.0], [3.0, 4.0, 0.0, 0.0, 0.0], [4.0, 1.0, 2.0, 3.0, 1.0], [0.0, 0.0, 2.0, 2.0, 4.0]], [[[1.0, 1.0, 1.0, 1.0, 1.0], [0.0, 1.0, 1.0, 1.0, 1.0], [1.0, 0.0, 0.0, 1.0, 0.0], [1.0, 0.0, 1.0, 0.0, 0.0], [0.0, 0.0, 0.0, 1.0, 1.0]], [[6.17, 5.84, -3.63, -5.48, 3.78], [3.38, -4.9399999999999995, 6.04, -5.31, -1.16], [4.62, -1.53, 1.2, 0.09, -2.5], [-6.14, 1.45, -0.42, 2.99, 5.82], [-2.26, 1.2, -5.94, -3.48, -0.81]], [[4.48, 4.53, 2.69, -2.7, -5.17], [-2.59, 1.44, 4.45, -2.39, -3.8], [-5.75, 4.98, 1.81, 5.53, -3.3], [0.61, -6.03, 1.6, 2.6, 2.21], [1.16, -1.64, 3.42, -2.39, -3.93]], [[5.39, -4.23, 0.87, 0.92, 6.15], [-4.39, -5.72, -2.12, 6.26, -5.89], [-4.32, 5.76, 0.42000000000000004, 1.51, 2.77], [0.27, 0.6599999999999999, -5.53, -1.85, -5.52], [-0.55, -2.35, -1.54, 2.95, -3.28]]]], "env_2_BestScorer": [[[1.0, 4.0, 3.0, 3.0, 4.0], [2.0, 4.0, 3.0, 0.0, 1.0], [3.0, 4.0, 0.0, 0.0, 0.0], [4.0, 1.0, 2.0, 0.0, 1.0], [0.0, 0.0, 2.0, 2.0, 4.0]], [[[1.0, 1.0, 1.0, 1.0, 1.0], [0.0, 1.0, 1.0, 1.0, 1.0], [1.0, 1.0, 0.0, 1.0, 0.0], [1.0, 0.0, 1.0, 1.0, 0.0], [0.0, 0.0, 0.0, 1.0, 1.0]], [[6.17, 5.84, -3.63, -5.48, 3.78], [3.38, -5.72, 6.04, -5.31, -1.16], [4.21, -1.53, 1.2, -0.41000000000000003, -2.5], [-6.14, 1.45, -0.42, 2.99, 5.82], [-2.26, 1.2, -5.94, -3.48, -0.81]], [[3.6500000000000004, 4.53, 2.69, -2.7, -5.17], [-2.59, 1.44, 4.45, -2.39, -3.8], [-5.75, 4.98, 1.81, 5.53, -3.3], [0.61, -6.03, 1.6, 1.87, 2.21], [1.16, -1.64, 3.42, -2.39, -3.93]], [[5.39, -4.23, 0.87, 0.92, 6.15], [-4.39, -5.72, -2.12, 6.26, -5.89], [-4.32, 5.76, 0.25, 1.51, 2.77], [0.27, 0.6599999999999999, -5.53, -1.85, -5.52], [-0.55, -2.35, -1.54, 2.95, -3.28]]]], "failureRateWorldData": [[16, 13], [13, 18], [13, 21], [13, 12], [12, 18], [16, 13], [12, 18], [11, 20], [13, 12], [10, 16], [16, 12], [12, 18], [20, 16], [13, 20], [17, 11], [8, 18]], "avgNewFitness": [6.098914587493768, 6.0072494307292015, 10.367073411882439, 13.210451282156603, 14.795680298296169, 6.9779800101531855, 10.51263069078031, 10.122985820411511, 7.557782157901792, 6.018070224503016, 5.430741338017378, 5.634917451042874, 5.260062868048191, 4.933194642369146, 5.2881900052230355, 5.42304494118817], "avgFitnessDiff": [-0.7510470652742016, -0.7673352576620345, -5.666642697820559, -0.42993878146321657, -8.58111013606232, -16.763867168098976, -7.745362870212838, -1.5602194356244712, -6.562567572820488, -0.6518395942985499, -1.5606796905022373, -0.3388054499820556, -0.5519578230183027, -0.9931600382684156, -0.42934842164624987, -0.3049702825440275]}