{"round": 90, "totalRobots": 256, "totalDeadRobots": 2283, "bestScoreWorld": [[85.55, 87.4, 102.68, 88.86, 81.59, 101.62, 90.35, 100.9, 54.93, 47.92, 49.12, 47.69, 45.53, 50.14, 36.0, 44.81], [101.54, 102.99, 101.45, 86.45, 100.72, 78.11, 95.51, 102.8, 52.98, 46.05, 52.2, 50.54, 56.35, 44.42, 41.71, 37.87], [101.23, 101.32, 102.14, 101.3, 101.11, 82.59, 101.81, 100.79, 54.82, 59.11, 52.74, 51.49, 50.55, 42.5, 39.5, 30.41], [100.93, 101.92, 100.6, 93.32, 101.97, 96.59, 101.93, 102.99, 52.5, 56.59, 53.01, 53.12, 52.21, 24.45, 62.57, 47.9], [91.88, 102.03, 101.17, 101.87, 102.03, 101.9, 90.65, 101.39, 54.85, 60.57, 52.54, 61.9, 46.51, 47.26, 36.0, 35.98], [101.79, 102.11, 101.37, 101.56, 102.3, 101.11, 102.44, 100.78, 59.03, 57.5, 61.53, 53.43, 54.54, 54.15, 39.18, 51.84], [101.03, 101.74, 101.79, 101.47, 92.17, 101.5, 101.46, 101.22, 57.74, 58.43, 92.81, 48.34, 43.93, 41.35, 46.44, 52.66], [101.03, 102.91, 103.19, 102.23, 104.64, 90.14, 102.11, 101.83, 58.12, 85.9, 60.79, 47.31, 55.51, 55.87, 43.5, 14.42], [101.54, 102.03, 102.48, 101.13, 96.12, 102.02, 95.37, 101.41, 38.26, 33.18, 55.04, 36.17, 40.03, 46.27, 19.77, 16.3], [101.61, 94.2, 101.99, 101.83, 103.46, 87.81, 100.96, 101.87, 100.63, 51.35, 45.65, 39.99, 41.16, 29.99, 48.74, 23.53], [101.39, 73.88, 101.37, 100.89, 101.11, 100.9, 102.14, 101.28, 61.36, 48.25, 23.33, 51.13, 33.24, 61.22, 40.94, 32.82], [73.39, 57.51, 66.41, 63.15, 91.11, 101.29, 101.38, 99.42, 71.42, 41.91, 30.45, 43.04, 51.37, 45.85, 31.93, 39.78], [68.24, 81.47, 66.4, 99.44, 101.66, 98.17, 102.98, 90.33, 69.02, 52.3, 37.97, 38.84, 32.42, 32.46, 37.94, 12.19], [82.66, 64.96, 93.64, 87.15, 100.54, 71.97, 101.87, 91.9, 88.15, 51.48, 35.95, 56.98, 28.26, 35.88, 20.1, 31.25], [57.71, 101.33, 64.7, 77.41, 84.9, 65.64, 101.19, 97.33, 51.71, 36.79, 20.75, 44.38, 8.87, 12.22, 48.21, 12.67], [100.61, 63.68, 77.92, 57.92, 78.81, 57.43, 93.63, 101.71, 67.14, 56.0, 32.18, 32.4, 12.48, 12.27, 37.43, 11.65]], "topScore": 104.63844758225524, "topRobot": [[3.0, 4.0, 3.0, 3.0, 4.0], [2.0, 4.0, 3.0, 0.0, 1.0], [3.0, 4.0, 0.0, 0.0, 0.0], [4.0, 1.0, 2.0, 3.0, 1.0], [0.0, 0.0, 2.0, 2.0, 4.0]], "topGenes": [[[0.0, 1.0, 0.0, 1.0, 1.0], [0.0, 1.0, 1.0, 1.0, 1.0], [1.0, 0.0, 0.0, 1.0, 0.0], [1.0, 0.0, 1.0, 0.0, 0.0], [0.0, 0.0, 0.0, 1.0, 1.0]], [[6.17, 5.84, -3.63, -5.48, 3.78], [4.109999999999999, -5.72, 6.04, -5.31, -1.16], [4.62, -1.53, 1.2, 0.09, -2.5], [-6.92, 1.45, -0.42, 2.99, 5.82], [-2.26, 1.2, -5.94, -3.48, -0.81]], [[5.3500000000000005, 4.53, 2.69, -2.7, -5.17], [-2.59, 1.44, 4.45, -2.39, -3.8], [-5.75, 4.98, 1.81, 5.53, -3.3], [0.61, -6.03, 1.6, 2.6, 2.21], [1.16, -1.64, 3.42, -2.39, -3.93]], [[5.39, -4.23, 0.87, 0.92, 6.15], [-4.39, -6.4799999999999995, -2.12, 6.26, -5.89], [-4.32, 5.76, 0.42000000000000004, 1.51, 2.77], [0.27, 0.6599999999999999, -5.53, -1.85, -5.52], [-0.55, -2.35, -1.54, 2.95, -3.28]]], "topRobotLocation": [4, 7], "env_1_BestScorer": [[[3.0, 4.0, 3.0, 3.0, 4.0], [2.0, 4.0, 3.0, 0.0, 1.0], [3.0, 4.0, 0.0, 0.0, 0.0], [4.0, 1.0, 2.0, 3.0, 1.0], [0.0, 0.0, 2.0, 2.0, 4.0]], [[[0.0, 1.0, 0.0, 1.0, 1.0], [0.0, 1.0, 1.0, 1.0, 1.0], [1.0, 0.0, 0.0, 1.0, 0.0], [1.0, 0.0, 1.0, 0.0, 0.0], [0.0, 0.0, 0.0, 1.0, 1.0]], [[6.17, 5.84, -3.63, -5.48, 3.78], [4.109999999999999, -5.72, 6.04, -5.31, -1.16], [4.62, -1.53, 1.2, 0.09, -2.5], [-6.92, 1.45, -0.42, 2.99, 5.82], [-2.26, 1.2, -5.94, -3.48, -0.81]], [[5.3500000000000005, 4.53, 2.69, -2.7, -5.17], [-2.59, 1.44, 4.45, -2.39, -3.8], [-5.75, 4.98, 1.81, 5.53, -3.3], [0.61, -6.03, 1.6, 2.6, 2.21], [1.16, -1.64, 3.42, -2.39, -3.93]], [[5.39, -4.23, 0.87, 0.92, 6.15], [-4.39, -6.4799999999999995, -2.12, 6.26, -5.89], [-4.32, 5.76, 0.42000000000000004, 1.51, 2.77], [0.27, 0.6599999999999999, -5.53, -1.85, -5.52], [-0.55, -2.35, -1.54, 2.95, -3.28]]]], "env_2_BestScorer": [[[3.0, 4.0, 3.0, 3.0, 4.0], [2.0, 4.0, 3.0, 0.0, 1.0], [3.0, 4.0, 0.0, 0.0, 0.0], [4.0, 1.0, 2.0, 3.0, 1.0], [0.0, 0.0, 2.0, 2.0, 4.0]], [[[0.0, 1.0, 1.0, 1.0, 1.0], [0.0, 1.0, 1.0, 0.0, 1.0], [1.0, 0.0, 0.0, 0.0, 0.0], [0.0, 0.0, 1.0, 0.0, 0.0], [0.0, 0.0, 0.0, 1.0, 1.0]], [[6.17, 5.84, -3.42, -5.48, 3.78], [3.38, -5.72, 6.04, -5.31, -1.16], [4.62, -1.53, 1.2, 0.09, -2.5], [-6.14, 1.45, -0.42, 2.99, 5.82], [-2.26, 1.2, -5.94, -3.48, -0.81]], [[4.48, 4.53, 2.69, -2.7, -5.17], [-2.59, 1.44, 4.45, -2.39, -3.8], [-5.75, 4.98, 1.81, 5.53, -3.3], [0.61, -6.03, 1.6, 2.6, 2.21], [1.16, -1.64, 3.42, -2.39, -3.93]], [[5.39, -4.23, 0.87, 0.92, 6.15], [-4.39, -6.4799999999999995, -2.12, 6.26, -5.89], [-4.32, 5.76, 0.42000000000000004, 1.51, 2.77], [0.27, 0.6599999999999999, -5.53, -1.85, -5.52], [-0.55, -2.35, -1.54, 2.95, -3.28]]]], "failureRateWorldData": [[10, 14], [16, 19], [16, 14], [13, 14], [19, 18], [10, 15], [16, 15], [17, 20], [15, 13], [15, 25], [16, 11], [15, 14], [19, 17], [15, 15], [9, 17], [12, 15]], "avgNewFitness": [40.86263070528234, 46.0681055445488, 43.68875281744073, 32.28458750311126, 48.35048487576448, 31.891646663444988, 64.76173808743793, 70.09872470061121, 22.19045031912481, 24.811000732614897, 11.695897361897602, 16.811904994988783, 18.707813358746613, 18.139144413408882, 21.521841613412704, 18.05871379109036], "avgFitnessDiff": [-49.731418425236704, -45.60830164475253, -45.44459469728336, -59.87933688363369, -47.166256914111834, -57.904212554371675, -32.256543775089135, -21.79515469661848, -44.661695426587826, -30.065617874671485, -34.84817939380992, -21.89333387669922, -24.14551768011144, -19.02480804409673, -10.774556160991786, -16.96884411560546]}