{"1,1": [[[0.0, 4.0, 1.0, 3.0, 4.0], [2.0, 4.0, 0.0, 3.0, 1.0], [4.0, 4.0, 0.0, 0.0, 0.0], [4.0, 1.0, 2.0, 0.0, 1.0], [0.0, 0.0, 2.0, 2.0, 4.0]], [[4.28, 5.83, 5.38, 6.22, 4.22], [1.02, 5.4, 6.06, 5.68, 3.57], [4.48, 1.33, 5.22, 3.6, 1.79], [0.4, 5.36, 6.22, 0.56, 5.03], [2.58, 0.95, 1.85, 4.83, 5.48]], 1, null, [5.697264865117056, 5.69553492032081]], "2,1": [[[0.0, 4.0, 1.0, 3.0, 4.0], [2.0, 4.0, 2.0, 3.0, 1.0], [4.0, 4.0, 0.0, 0.0, 0.0], [4.0, 1.0, 2.0, 0.0, 1.0], [0.0, 0.0, 2.0, 2.0, 4.0]], [[0.28, 3.86, 0.28, 4.51, 2.08], [5.53, 6.16, 3.17, 6.27, 1.94], [0.48, 3.77, 0.2, 1.24, 2.56], [3.83, 0.98, 0.27, 5.45, 1.97], [6.02, 5.63, 2.37, 2.89, 3.27]], 2, [1, null], [5.696989627908671, 5.695196460793136]]}