{"round": 390, "totalRobots": 256, "totalDeadRobots": 3550, "bestScoreWorld": [[102.52, 105.11, 104.8, 104.25, 102.17, 106.54, 102.59, 102.73, 100.98, 97.54, 97.87, 85.02, 66.93, 86.9, 61.76, 101.9], [102.95, 103.06, 103.36, 103.05, 101.79, 103.57, 102.8, 106.29, 89.9, 101.23, 98.17, 100.99, 101.17, 101.24, 71.96, 101.92], [103.48, 103.24, 102.14, 103.11, 103.31, 102.15, 103.73, 102.8, 102.25, 101.0, 102.13, 102.03, 64.09, 65.75, 100.96, 99.49], [104.42, 101.92, 103.27, 102.78, 104.9, 103.25, 104.26, 103.57, 100.27, 97.93, 88.89, 101.0, 68.58, 67.51, 98.39, 83.67], [102.26, 104.89, 102.77, 104.47, 105.19, 105.59, 103.17, 104.19, 97.7, 101.02, 101.34, 102.04, 77.38, 100.51, 84.16, 89.24], [101.88, 103.2, 102.6, 103.09, 104.27, 104.91, 103.31, 102.56, 97.18, 57.5, 72.1, 99.54, 96.04, 76.12, 94.32, 78.88], [103.21, 103.66, 104.45, 101.98, 103.51, 105.11, 102.98, 103.19, 91.38, 101.4, 100.52, 73.25, 86.54, 84.17, 101.24, 72.4], [102.89, 106.57, 105.25, 104.76, 104.77, 106.87, 104.41, 102.85, 84.09, 90.06, 75.51, 74.02, 101.41, 83.8, 71.36, 65.47], [104.08, 102.75, 103.62, 102.06, 102.05, 105.73, 102.21, 102.5, 73.36, 100.83, 100.67, 74.72, 84.5, 101.13, 95.98, 79.68], [101.96, 101.18, 105.79, 103.57, 103.46, 101.87, 104.22, 102.64, 100.63, 101.09, 75.16, 101.48, 86.43, 86.6, 93.2, 101.03], [102.63, 102.66, 103.22, 104.17, 103.15, 102.59, 104.48, 101.44, 102.62, 102.53, 101.09, 81.16, 83.43, 99.49, 92.04, 82.43], [103.44, 102.0, 103.06, 104.52, 102.96, 103.91, 102.92, 101.65, 89.27, 101.96, 57.98, 100.69, 83.33, 88.03, 86.23, 96.87], [105.54, 103.04, 103.75, 102.53, 105.27, 101.84, 103.6, 102.8, 93.02, 90.31, 83.83, 84.77, 92.01, 82.47, 102.72, 22.07], [102.5, 102.74, 103.55, 106.52, 102.52, 102.63, 101.87, 104.38, 101.86, 100.82, 98.88, 100.97, 97.46, 94.27, 82.56, 95.22], [102.14, 103.06, 104.1, 103.66, 103.43, 102.52, 104.37, 103.25, 95.27, 99.99, 90.07, 99.0, 101.76, 59.98, 80.43, 79.41], [102.55, 102.04, 102.53, 102.91, 102.51, 106.34, 104.06, 104.44, 102.01, 101.27, 102.19, 94.77, 90.06, 93.78, 101.91, 63.34]], "topScore": 106.87057504799972, "topRobot": [[3.0, 4.0, 3.0, 3.0, 4.0], [2.0, 4.0, 3.0, 0.0, 1.0], [3.0, 4.0, 0.0, 0.0, 0.0], [4.0, 1.0, 2.0, 3.0, 1.0], [0.0, 0.0, 2.0, 2.0, 4.0]], "topGenes": [[[1.0, 0.0, 1.0, 1.0, 1.0], [0.0, 1.0, 1.0, 1.0, 1.0], [1.0, 0.0, 0.0, 1.0, 0.0], [1.0, 0.0, 1.0, 0.0, 0.0], [0.0, 0.0, 0.0, 1.0, 1.0]], [[5.8, 5.84, -3.63, -5.48, 3.78], [3.38, -5.31, 6.04, -5.31, -1.16], [4.0200000000000005, -1.53, 1.2, 0.09, -2.5], [-6.14, 1.45, 0.0, 2.99, 5.82], [-2.26, 1.2, -5.94, -3.48, -0.81]], [[4.48, 4.53, 2.69, -2.7, -5.17], [-2.59, 1.44, 4.45, -1.96, -3.8], [-5.75, 4.98, 1.81, 5.53, -3.3], [0.61, -6.03, 1.6, 2.6, 2.21], [1.16, -1.64, 3.42, -2.39, -3.93]], [[5.39, -4.23, 0.87, 0.92, 6.15], [-4.39, -5.72, -2.12, 6.26, -5.89], [-3.58, 5.76, 0.42000000000000004, 1.51, 2.77], [-0.59, 1.0, -5.53, -1.2400000000000002, -5.52], [-0.55, -2.35, -1.54, 2.95, -3.28]]], "topRobotLocation": [5, 7], "env_1_BestScorer": [[[3.0, 4.0, 3.0, 3.0, 4.0], [2.0, 4.0, 3.0, 0.0, 1.0], [3.0, 4.0, 0.0, 0.0, 0.0], [4.0, 1.0, 2.0, 3.0, 1.0], [0.0, 0.0, 2.0, 2.0, 4.0]], [[[1.0, 0.0, 1.0, 1.0, 1.0], [0.0, 1.0, 1.0, 1.0, 1.0], [1.0, 0.0, 0.0, 1.0, 0.0], [1.0, 0.0, 1.0, 0.0, 0.0], [0.0, 0.0, 0.0, 1.0, 1.0]], [[5.8, 5.84, -3.63, -5.48, 3.78], [3.38, -5.31, 6.04, -5.31, -1.16], [4.0200000000000005, -1.53, 1.2, 0.09, -2.5], [-6.14, 1.45, 0.0, 2.99, 5.82], [-2.26, 1.2, -5.94, -3.48, -0.81]], [[4.48, 4.53, 2.69, -2.7, -5.17], [-2.59, 1.44, 4.45, -1.96, -3.8], [-5.75, 4.98, 1.81, 5.53, -3.3], [0.61, -6.03, 1.6, 2.6, 2.21], [1.16, -1.64, 3.42, -2.39, -3.93]], [[5.39, -4.23, 0.87, 0.92, 6.15], [-4.39, -5.72, -2.12, 6.26, -5.89], [-3.58, 5.76, 0.42000000000000004, 1.51, 2.77], [-0.59, 1.0, -5.53, -1.2400000000000002, -5.52], [-0.55, -2.35, -1.54, 2.95, -3.28]]]], "env_2_BestScorer": [[[3.0, 4.0, 3.0, 3.0, 4.0], [3.0, 4.0, 3.0, 0.0, 1.0], [3.0, 4.0, 0.0, 0.0, 0.0], [4.0, 1.0, 1.0, 3.0, 1.0], [0.0, 0.0, 2.0, 2.0, 4.0]], [[[1.0, 1.0, 1.0, 1.0, 1.0], [0.0, 1.0, 1.0, 1.0, 1.0], [0.0, 0.0, 0.0, 1.0, 0.0], [1.0, 0.0, 1.0, 1.0, 0.0], [0.0, 0.0, 0.0, 1.0, 1.0]], [[6.17, 5.84, -3.63, -5.48, 3.78], [3.38, -5.72, 5.76, -5.31, -1.16], [4.62, -1.53, 1.7799999999999998, 0.09, -2.5], [-5.489999999999999, 1.45, -0.42, 2.99, 5.82], [-2.26, 1.2, -5.94, -3.48, -0.81]], [[4.95, 4.6000000000000005, 2.69, -3.14, -5.17], [-2.59, 1.44, 4.03, -2.39, -3.8], [-5.75, 4.98, 1.81, 5.53, -3.3], [0.61, -7.0200000000000005, 0.7800000000000001, 2.6, 2.21], [1.16, -1.64, 3.42, -2.39, -3.93]], [[5.39, -5.140000000000001, 0.87, 0.92, 6.15], [-4.43, -5.72, -2.89, 6.26, -5.89], [-4.32, 5.76, 0.25, 1.51, 2.77], [-0.59, 1.0, -6.710000000000001, -1.2400000000000002, -5.52], [-0.55, -2.35, -1.54, 2.95, -3.28]]]], "failureRateWorldData": [[12, 16], [16, 18], [16, 15], [25, 15], [8, 14], [22, 22], [14, 9], [12, 22], [17, 13], [15, 14], [17, 17], [11, 16], [17, 17], [18, 15], [19, 20], [14, 13]], "avgNewFitness": [46.941527319462566, 49.439208275750666, 72.13089005322203, 67.14197511705197, 62.254918605865456, 76.1441320017911, 64.38561384412625, 59.31149861265996, 40.011817542837626, 33.22504091187459, 21.34226629851445, 21.241507391949416, 38.954994691725254, 33.08453878165535, 35.474295833362675, 39.63866898449279], "avgFitnessDiff": [-55.9881722298022, -53.996833295947305, -31.30348676865102, -36.46660168134178, -41.29542325677392, -27.694334808684392, -38.789271294105504, -42.56844432026546, -57.68637118491107, -61.240608751114905, -68.73129473587016, -70.30268065820503, -48.96342086705701, -54.43271045207578, -49.88134115270971, -43.050479367314765]}