{"round": 350, "totalRobots": 256, "totalDeadRobots": 3483, "bestScoreWorld": [[102.52, 104.56, 104.8, 104.25, 102.17, 106.54, 102.59, 102.73, 100.98, 97.54, 97.87, 85.02, 66.93, 76.43, 61.76, 101.9], [102.95, 103.06, 103.36, 103.05, 101.78, 102.42, 102.45, 106.29, 89.9, 83.1, 89.0, 100.99, 101.17, 101.24, 62.47, 101.92], [103.43, 102.68, 102.14, 103.11, 103.31, 102.15, 103.73, 102.8, 102.25, 86.93, 102.13, 102.03, 64.09, 65.75, 100.96, 85.82], [102.03, 101.92, 103.27, 102.58, 104.9, 103.25, 104.26, 103.57, 85.27, 97.93, 80.63, 63.4, 68.58, 67.51, 75.38, 83.67], [102.26, 103.68, 102.77, 104.47, 105.19, 105.59, 103.17, 104.19, 97.7, 101.02, 101.34, 99.81, 77.38, 100.51, 76.95, 68.54], [101.88, 103.2, 102.6, 103.09, 104.27, 104.91, 103.31, 102.56, 97.18, 57.5, 72.1, 99.54, 96.04, 70.75, 94.32, 78.88], [103.21, 103.66, 104.45, 101.98, 103.51, 105.11, 102.98, 103.19, 91.38, 101.4, 95.24, 73.25, 86.54, 84.17, 101.02, 60.54], [102.89, 106.57, 105.25, 104.76, 104.64, 106.87, 104.41, 102.85, 84.09, 90.06, 75.51, 73.93, 101.41, 83.8, 70.57, 56.99], [104.08, 102.75, 103.62, 102.06, 102.05, 105.73, 102.21, 102.5, 73.36, 100.83, 100.67, 74.72, 84.5, 101.13, 66.63, 73.8], [101.96, 101.18, 105.79, 103.57, 103.46, 101.87, 104.22, 102.64, 100.63, 101.09, 75.16, 101.48, 86.43, 83.73, 93.2, 101.03], [102.63, 102.66, 103.22, 104.17, 103.15, 102.59, 104.48, 101.43, 90.94, 102.53, 101.09, 81.16, 83.43, 99.49, 73.61, 64.59], [103.44, 101.92, 103.06, 103.85, 102.96, 103.91, 102.92, 101.65, 89.27, 101.14, 57.98, 82.15, 83.33, 88.03, 86.23, 96.87], [105.54, 102.58, 103.75, 102.53, 105.27, 101.84, 102.98, 102.8, 90.41, 90.31, 83.83, 84.77, 92.01, 82.47, 102.72, 22.07], [102.5, 102.74, 103.55, 106.52, 102.52, 102.63, 101.87, 104.38, 101.86, 100.82, 98.88, 100.97, 97.46, 94.27, 82.56, 80.03], [101.8, 103.06, 104.1, 103.66, 103.43, 102.52, 104.37, 103.0, 95.27, 99.99, 90.07, 99.0, 101.76, 13.0, 80.43, 71.82], [102.55, 102.04, 102.53, 102.91, 102.51, 106.34, 104.06, 104.06, 102.01, 101.27, 90.66, 62.43, 90.06, 93.78, 101.91, 62.19]], "topScore": 106.87057504799972, "topRobot": [[3.0, 4.0, 3.0, 3.0, 4.0], [2.0, 4.0, 3.0, 0.0, 1.0], [3.0, 4.0, 0.0, 0.0, 0.0], [4.0, 1.0, 2.0, 3.0, 1.0], [0.0, 0.0, 2.0, 2.0, 4.0]], "topGenes": [[[1.0, 0.0, 1.0, 1.0, 1.0], [0.0, 1.0, 1.0, 1.0, 1.0], [1.0, 0.0, 0.0, 1.0, 0.0], [1.0, 0.0, 1.0, 0.0, 0.0], [0.0, 0.0, 0.0, 1.0, 1.0]], [[5.8, 5.84, -3.63, -5.48, 3.78], [3.38, -5.31, 6.04, -5.31, -1.16], [4.0200000000000005, -1.53, 1.2, 0.09, -2.5], [-6.14, 1.45, 0.0, 2.99, 5.82], [-2.26, 1.2, -5.94, -3.48, -0.81]], [[4.48, 4.53, 2.69, -2.7, -5.17], [-2.59, 1.44, 4.45, -1.96, -3.8], [-5.75, 4.98, 1.81, 5.53, -3.3], [0.61, -6.03, 1.6, 2.6, 2.21], [1.16, -1.64, 3.42, -2.39, -3.93]], [[5.39, -4.23, 0.87, 0.92, 6.15], [-4.39, -5.72, -2.12, 6.26, -5.89], [-3.58, 5.76, 0.42000000000000004, 1.51, 2.77], [-0.59, 1.0, -5.53, -1.2400000000000002, -5.52], [-0.55, -2.35, -1.54, 2.95, -3.28]]], "topRobotLocation": [5, 7], "env_1_BestScorer": [[[3.0, 4.0, 3.0, 3.0, 4.0], [2.0, 4.0, 3.0, 0.0, 1.0], [3.0, 4.0, 0.0, 0.0, 0.0], [4.0, 1.0, 2.0, 3.0, 1.0], [0.0, 0.0, 2.0, 2.0, 4.0]], [[[1.0, 0.0, 1.0, 1.0, 1.0], [0.0, 1.0, 1.0, 1.0, 1.0], [1.0, 0.0, 0.0, 1.0, 0.0], [1.0, 0.0, 1.0, 0.0, 0.0], [0.0, 0.0, 0.0, 1.0, 1.0]], [[5.8, 5.84, -3.63, -5.48, 3.78], [3.38, -5.31, 6.04, -5.31, -1.16], [4.0200000000000005, -1.53, 1.2, 0.09, -2.5], [-6.14, 1.45, 0.0, 2.99, 5.82], [-2.26, 1.2, -5.94, -3.48, -0.81]], [[4.48, 4.53, 2.69, -2.7, -5.17], [-2.59, 1.44, 4.45, -1.96, -3.8], [-5.75, 4.98, 1.81, 5.53, -3.3], [0.61, -6.03, 1.6, 2.6, 2.21], [1.16, -1.64, 3.42, -2.39, -3.93]], [[5.39, -4.23, 0.87, 0.92, 6.15], [-4.39, -5.72, -2.12, 6.26, -5.89], [-3.58, 5.76, 0.42000000000000004, 1.51, 2.77], [-0.59, 1.0, -5.53, -1.2400000000000002, -5.52], [-0.55, -2.35, -1.54, 2.95, -3.28]]]], "env_2_BestScorer": [[[3.0, 4.0, 3.0, 3.0, 4.0], [3.0, 4.0, 3.0, 0.0, 1.0], [3.0, 4.0, 0.0, 0.0, 0.0], [4.0, 1.0, 1.0, 3.0, 1.0], [0.0, 0.0, 2.0, 2.0, 4.0]], [[[1.0, 1.0, 1.0, 1.0, 1.0], [0.0, 1.0, 1.0, 1.0, 1.0], [0.0, 0.0, 0.0, 1.0, 0.0], [1.0, 0.0, 1.0, 1.0, 0.0], [0.0, 0.0, 0.0, 1.0, 1.0]], [[6.17, 5.84, -3.63, -5.48, 3.78], [3.38, -5.72, 5.76, -5.31, -1.16], [4.62, -1.53, 1.7799999999999998, 0.09, -2.5], [-5.489999999999999, 1.45, -0.42, 2.99, 5.82], [-2.26, 1.2, -5.94, -3.48, -0.81]], [[4.95, 4.6000000000000005, 2.69, -3.14, -5.17], [-2.59, 1.44, 4.03, -2.39, -3.8], [-5.75, 4.98, 1.81, 5.53, -3.3], [0.61, -7.0200000000000005, 0.7800000000000001, 2.6, 2.21], [1.16, -1.64, 3.42, -2.39, -3.93]], [[5.39, -5.140000000000001, 0.87, 0.92, 6.15], [-4.43, -5.72, -2.89, 6.26, -5.89], [-4.32, 5.76, 0.25, 1.51, 2.77], [-0.59, 1.0, -6.710000000000001, -1.2400000000000002, -5.52], [-0.55, -2.35, -1.54, 2.95, -3.28]]]], "failureRateWorldData": [[14, 13], [19, 18], [10, 16], [22, 18], [15, 15], [19, 15], [10, 16], [18, 14], [15, 20], [21, 12], [14, 22], [14, 18], [15, 10], [14, 15], [18, 21], [17, 13]], "avgNewFitness": [72.72536223395274, 69.11351874311197, 70.55180967774056, 57.96666317520385, 76.5944675739703, 69.40799185366978, 46.96209482576819, 68.48578729450301, 25.55841153231871, 32.2692461665137, 21.58511383540887, 36.66237936520988, 30.262644296763035, 17.779642974882147, 26.918993058827287, 40.010350514275416], "avgFitnessDiff": [-30.489898767583064, -33.92496810011731, -32.770362808175314, -45.60921432036538, -26.855703195374602, -33.87585238899786, -56.82788020582164, -32.364573233826384, -71.92174895595542, -64.27038169392442, -68.62923540482066, -45.79850226528515, -54.5971481301933, -69.79427907850373, -51.40424315435463, -36.33400686035805]}