{"round": 110, "totalRobots": 256, "totalDeadRobots": 2555, "bestScoreWorld": [[96.31, 102.12, 102.68, 101.43, 85.65, 101.62, 99.34, 102.21, 55.27, 64.12, 77.11, 58.32, 45.53, 50.14, 37.65, 45.94], [102.45, 103.06, 101.45, 101.15, 101.2, 95.58, 101.56, 102.8, 66.92, 62.07, 61.66, 67.98, 56.35, 44.42, 51.13, 50.9], [101.23, 101.32, 102.14, 101.3, 101.44, 100.7, 102.36, 101.48, 54.82, 73.64, 57.84, 56.38, 50.55, 48.13, 57.73, 33.51], [100.93, 101.92, 101.44, 102.58, 102.12, 96.77, 102.61, 102.99, 56.71, 59.95, 59.04, 53.12, 52.21, 35.71, 62.57, 51.88], [101.66, 102.03, 101.17, 101.9, 102.03, 102.54, 90.65, 102.29, 93.9, 60.57, 52.54, 61.9, 53.06, 47.26, 41.22, 35.98], [101.79, 102.11, 102.15, 101.56, 103.86, 101.11, 102.44, 101.44, 59.03, 57.5, 61.53, 53.43, 57.36, 54.15, 44.84, 51.84], [101.03, 101.79, 101.79, 101.47, 97.74, 101.5, 101.46, 102.02, 62.8, 61.6, 93.16, 51.11, 51.8, 49.71, 46.44, 52.66], [102.22, 102.91, 103.19, 102.23, 104.64, 105.15, 102.11, 101.83, 58.41, 90.06, 60.79, 65.91, 56.65, 59.04, 43.5, 50.94], [101.54, 102.21, 103.4, 101.13, 96.12, 102.02, 101.06, 101.41, 38.26, 33.18, 55.04, 57.4, 42.49, 55.28, 45.64, 63.2], [101.61, 101.06, 104.18, 101.83, 103.46, 100.83, 100.96, 102.08, 100.63, 70.39, 47.88, 51.92, 46.87, 45.97, 50.75, 56.17], [101.39, 101.91, 101.37, 102.29, 102.27, 101.58, 103.73, 101.43, 61.36, 75.91, 48.04, 55.49, 47.37, 61.22, 41.25, 32.82], [73.39, 62.37, 100.61, 89.62, 100.24, 101.88, 101.54, 101.65, 71.42, 41.91, 31.71, 49.48, 51.37, 45.85, 31.93, 39.8], [91.88, 81.5, 66.4, 101.06, 101.66, 100.3, 102.98, 100.84, 69.02, 52.3, 52.54, 38.84, 36.65, 39.18, 39.43, 12.19], [82.66, 66.1, 100.97, 96.19, 102.52, 101.24, 101.87, 101.46, 90.35, 69.74, 46.01, 99.62, 45.48, 39.94, 44.64, 68.71], [73.65, 102.19, 85.49, 83.64, 103.43, 93.44, 101.65, 101.8, 52.77, 36.79, 44.19, 51.59, 27.12, 12.22, 56.12, 44.71], [102.55, 73.76, 77.92, 68.97, 85.59, 62.17, 93.63, 103.21, 78.8, 72.78, 41.07, 32.4, 54.69, 49.59, 37.5, 40.31]], "topScore": 105.14762703864506, "topRobot": [[3.0, 4.0, 3.0, 3.0, 4.0], [2.0, 4.0, 3.0, 0.0, 1.0], [3.0, 4.0, 0.0, 0.0, 0.0], [4.0, 1.0, 2.0, 3.0, 1.0], [0.0, 0.0, 2.0, 2.0, 4.0]], "topGenes": [[[0.0, 1.0, 1.0, 1.0, 1.0], [0.0, 1.0, 1.0, 1.0, 1.0], [1.0, 0.0, 0.0, 1.0, 0.0], [1.0, 0.0, 1.0, 0.0, 0.0], [0.0, 0.0, 0.0, 1.0, 1.0]], [[6.17, 5.84, -3.63, -5.48, 3.78], [4.109999999999999, -5.72, 6.04, -5.31, -1.16], [4.62, -1.53, 1.2, 0.09, -2.5], [-6.14, 1.45, 0.0, 2.99, 5.82], [-2.26, 1.2, -5.94, -3.48, -0.81]], [[5.3500000000000005, 4.53, 2.69, -2.7, -5.17], [-2.59, 1.44, 4.45, -2.39, -3.8], [-5.75, 4.98, 1.81, 5.53, -3.3], [0.61, -6.03, 1.6, 2.6, 2.21], [1.16, -1.64, 3.42, -2.39, -3.93]], [[5.39, -4.23, 0.87, 0.92, 6.15], [-4.39, -6.4799999999999995, -2.12, 6.9399999999999995, -5.89], [-3.58, 5.76, 0.42000000000000004, 1.51, 2.77], [-0.59, 1.0, -5.53, -1.2400000000000002, -5.52], [-0.55, -2.35, -1.54, 2.95, -3.28]]], "topRobotLocation": [5, 7], "env_1_BestScorer": [[[3.0, 4.0, 3.0, 3.0, 4.0], [2.0, 4.0, 3.0, 0.0, 1.0], [3.0, 4.0, 0.0, 0.0, 0.0], [4.0, 1.0, 2.0, 3.0, 1.0], [0.0, 0.0, 2.0, 2.0, 4.0]], [[[0.0, 1.0, 1.0, 1.0, 1.0], [0.0, 1.0, 1.0, 1.0, 1.0], [1.0, 0.0, 0.0, 1.0, 0.0], [1.0, 0.0, 1.0, 0.0, 0.0], [0.0, 0.0, 0.0, 1.0, 1.0]], [[6.17, 5.84, -3.63, -5.48, 3.78], [4.109999999999999, -5.72, 6.04, -5.31, -1.16], [4.62, -1.53, 1.2, 0.09, -2.5], [-6.14, 1.45, 0.0, 2.99, 5.82], [-2.26, 1.2, -5.94, -3.48, -0.81]], [[5.3500000000000005, 4.53, 2.69, -2.7, -5.17], [-2.59, 1.44, 4.45, -2.39, -3.8], [-5.75, 4.98, 1.81, 5.53, -3.3], [0.61, -6.03, 1.6, 2.6, 2.21], [1.16, -1.64, 3.42, -2.39, -3.93]], [[5.39, -4.23, 0.87, 0.92, 6.15], [-4.39, -6.4799999999999995, -2.12, 6.9399999999999995, -5.89], [-3.58, 5.76, 0.42000000000000004, 1.51, 2.77], [-0.59, 1.0, -5.53, -1.2400000000000002, -5.52], [-0.55, -2.35, -1.54, 2.95, -3.28]]]], "env_2_BestScorer": [[[3.0, 4.0, 3.0, 3.0, 4.0], [2.0, 4.0, 3.0, 0.0, 1.0], [3.0, 4.0, 0.0, 0.0, 0.0], [4.0, 1.0, 2.0, 3.0, 1.0], [0.0, 0.0, 2.0, 2.0, 4.0]], [[[0.0, 1.0, 1.0, 1.0, 1.0], [0.0, 1.0, 1.0, 0.0, 1.0], [1.0, 0.0, 0.0, 0.0, 0.0], [0.0, 0.0, 1.0, 0.0, 0.0], [0.0, 0.0, 0.0, 1.0, 1.0]], [[6.17, 5.84, -3.42, -5.48, 3.78], [3.38, -5.72, 6.04, -5.31, -1.16], [4.62, -1.53, 1.2, 0.09, -2.5], [-6.14, 1.45, -0.42, 2.99, 5.82], [-2.26, 1.2, -5.94, -3.48, -0.81]], [[4.48, 4.53, 2.69, -2.7, -5.17], [-2.59, 1.44, 4.45, -2.39, -3.8], [-5.75, 4.98, 1.81, 5.53, -3.3], [0.61, -6.03, 1.6, 2.6, 2.21], [1.16, -1.64, 3.42, -2.39, -3.93]], [[5.39, -4.23, 0.87, 0.92, 6.15], [-4.39, -6.4799999999999995, -2.12, 6.26, -5.89], [-4.32, 5.76, 0.42000000000000004, 1.51, 2.77], [0.27, 0.6599999999999999, -5.53, -1.85, -5.52], [-0.55, -2.35, -1.54, 2.95, -3.28]]]], "failureRateWorldData": [[14, 12], [12, 23], [19, 15], [16, 16], [14, 16], [19, 10], [15, 22], [18, 16], [14, 19], [8, 17], [20, 12], [13, 15], [13, 15], [22, 19], [9, 13], [18, 16]], "avgNewFitness": [19.326554547708547, 45.16747637469173, 42.77637670895148, 46.036749402123014, 55.54866536714494, 58.12757914862628, 57.381505453056896, 51.850981180377836, 27.126119138432387, 17.933491531679444, 20.237778537127607, 26.014941370580644, 26.83399729761069, 21.750207019116825, 14.459804433623654, 19.47235151854375], "avgFitnessDiff": [-73.38031908588825, -51.56118401283933, -52.00865843022431, -51.66489492586685, -45.72871538175256, -43.05469355570158, -41.75711989837735, -41.13657097866624, -44.83967272853862, -36.26472299818133, -35.94776259775868, -24.767613869865404, -25.34501098432248, -26.280838199452333, -28.793607389668317, -25.697288929948304]}