{"round": 40, "totalRobots": 256, "totalDeadRobots": 1028, "bestScoreWorld": [[28.25, 13.95, 29.43, 14.71, 49.64, 39.63, 22.6, 12.42, 11.35, 10.09, 6.23, 6.57, 6.33, 6.32, 6.47, 6.32], [6.87, 7.84, 37.57, 41.28, 47.54, 44.79, 9.45, 24.23, 19.08, 6.58, 14.35, 6.23, 6.24, 6.33, 6.33, 6.32], [7.84, 7.84, 32.83, 48.22, 48.7, 13.23, 38.01, 27.44, 18.49, 14.23, 9.15, 9.46, 6.39, 6.33, 6.23, 6.33], [20.88, 15.54, 59.0, 48.29, 42.73, 59.87, 62.88, 39.8, 11.58, 13.84, 6.52, 6.33, 6.32, 6.33, 6.33, 6.23], [20.44, 16.21, 23.17, 13.23, 51.97, 35.35, 12.24, 40.11, 19.77, 38.74, 6.58, 7.47, 6.44, 6.33, 6.33, 7.1], [21.17, 16.88, 20.59, 67.51, 101.54, 56.24, 12.16, 56.76, 32.92, 11.23, 9.57, 8.75, 6.84, 6.88, 6.24, 6.45], [15.91, 20.81, 18.34, 67.06, 57.52, 86.47, 56.3, 49.06, 13.84, 14.86, 7.98, 8.84, 7.74, 6.6, 5.96, 7.1], [7.84, 12.8, 17.65, 37.58, 101.22, 46.28, 101.79, 46.38, 37.45, 14.4, 10.86, 6.74, 8.85, 8.75, 5.96, 5.96], [7.17, 41.51, 49.14, 26.31, 42.68, 17.79, 22.3, 21.96, 11.89, 12.11, 8.88, 8.88, 8.88, 7.54, 6.75, 7.74], [6.22, 41.49, 32.89, 51.42, 19.74, 21.58, 85.88, 20.75, 35.49, 10.36, 6.74, 11.15, 11.25, 11.15, 11.24, 8.89], [43.95, 32.8, 49.69, 29.85, 47.34, 24.82, 8.71, 17.38, 12.29, 14.54, 10.81, 10.22, 8.89, 8.48, 6.48, 8.21], [6.67, 39.65, 10.38, 41.86, 6.63, 42.77, 9.67, 20.92, 12.57, 13.84, 12.42, 6.93, 8.89, 10.37, 8.48, 5.95], [6.67, 6.05, 26.46, 69.43, 27.64, 16.23, 65.4, 31.38, 12.35, 12.35, 11.88, 10.22, 7.77, 8.88, 5.95, 8.21], [6.05, 6.67, 38.78, 6.95, 33.42, 27.59, 21.31, 60.64, 8.77, 12.35, 8.77, 8.89, 8.88, 6.54, 8.48, 5.7], [6.23, 6.05, 6.13, 25.27, 61.95, 11.03, 47.63, 12.74, 6.37, 9.25, 10.95, 9.91, 6.1, 8.72, 6.1, 7.95], [5.92, 6.95, 24.09, 10.73, 33.28, 41.41, 11.01, 34.52, 6.07, 6.07, 6.07, 6.07, 7.24, 6.49, 7.51, 6.49]], "topScore": 101.79085444886303, "topRobot": [[3.0, 4.0, 3.0, 3.0, 4.0], [2.0, 4.0, 3.0, 0.0, 1.0], [3.0, 4.0, 0.0, 0.0, 0.0], [4.0, 1.0, 2.0, 3.0, 1.0], [0.0, 0.0, 2.0, 2.0, 4.0]], "topGenes": [[[0.0, 1.0, 1.0, 1.0, 1.0], [0.0, 1.0, 1.0, 1.0, 1.0], [1.0, 0.0, 0.0, 1.0, 0.0], [1.0, 0.0, 1.0, 0.0, 0.0], [0.0, 0.0, 0.0, 1.0, 1.0]], [[6.17, 5.84, -3.63, -5.48, 3.78], [3.38, -5.72, 6.04, -5.31, -1.16], [4.62, -1.53, 1.2, 0.09, -2.5], [-6.14, 1.45, -0.42, 2.99, 5.82], [-2.26, 1.2, -5.94, -3.48, -0.81]], [[5.3500000000000005, 4.53, 2.69, -2.7, -5.17], [-2.59, 1.44, 4.45, -2.39, -3.8], [-5.75, 4.98, 1.81, 5.53, -3.3], [0.61, -6.03, 1.6, 2.6, 2.21], [1.16, -1.64, 3.42, -2.39, -3.93]], [[5.39, -4.23, 0.87, 0.92, 6.15], [-4.39, -6.4799999999999995, -2.12, 6.26, -5.89], [-3.58, 5.76, 0.42000000000000004, 1.51, 2.77], [0.27, 0.6599999999999999, -5.53, -1.85, -5.52], [-0.55, -2.35, -1.54, 2.95, -3.28]]], "topRobotLocation": [6, 7], "env_1_BestScorer": [[[3.0, 4.0, 3.0, 3.0, 4.0], [2.0, 4.0, 3.0, 0.0, 1.0], [3.0, 4.0, 0.0, 0.0, 0.0], [4.0, 1.0, 2.0, 3.0, 1.0], [0.0, 0.0, 2.0, 2.0, 4.0]], [[[0.0, 1.0, 1.0, 1.0, 1.0], [0.0, 1.0, 1.0, 1.0, 1.0], [1.0, 0.0, 0.0, 1.0, 0.0], [1.0, 0.0, 1.0, 0.0, 0.0], [0.0, 0.0, 0.0, 1.0, 1.0]], [[6.17, 5.84, -3.63, -5.48, 3.78], [3.38, -5.72, 6.04, -5.31, -1.16], [4.62, -1.53, 1.2, 0.09, -2.5], [-6.14, 1.45, -0.42, 2.99, 5.82], [-2.26, 1.2, -5.94, -3.48, -0.81]], [[5.3500000000000005, 4.53, 2.69, -2.7, -5.17], [-2.59, 1.44, 4.45, -2.39, -3.8], [-5.75, 4.98, 1.81, 5.53, -3.3], [0.61, -6.03, 1.6, 2.6, 2.21], [1.16, -1.64, 3.42, -2.39, -3.93]], [[5.39, -4.23, 0.87, 0.92, 6.15], [-4.39, -6.4799999999999995, -2.12, 6.26, -5.89], [-3.58, 5.76, 0.42000000000000004, 1.51, 2.77], [0.27, 0.6599999999999999, -5.53, -1.85, -5.52], [-0.55, -2.35, -1.54, 2.95, -3.28]]]], "env_2_BestScorer": [[[1.0, 4.0, 3.0, 3.0, 4.0], [2.0, 4.0, 3.0, 0.0, 1.0], [3.0, 4.0, 0.0, 0.0, 0.0], [4.0, 1.0, 2.0, 0.0, 1.0], [0.0, 0.0, 2.0, 2.0, 4.0]], [[[1.0, 1.0, 1.0, 1.0, 1.0], [0.0, 1.0, 1.0, 1.0, 1.0], [1.0, 1.0, 0.0, 1.0, 0.0], [1.0, 0.0, 1.0, 1.0, 0.0], [0.0, 0.0, 0.0, 1.0, 1.0]], [[6.17, 5.84, -3.63, -5.48, 3.78], [3.38, -5.72, 6.04, -5.31, -1.16], [4.21, -1.53, 1.2, -0.41000000000000003, -2.5], [-6.14, 1.45, -0.42, 2.99, 5.82], [-2.26, 1.2, -5.94, -3.48, -0.81]], [[3.6500000000000004, 4.53, 2.69, -2.7, -5.17], [-2.59, 1.44, 4.45, -2.39, -3.8], [-5.75, 5.880000000000001, 1.81, 5.53, -3.3], [0.61, -6.03, 1.6, 1.87, 2.21], [1.16, -1.64, 3.42, -2.39, -3.93]], [[5.39, -4.23, 0.87, 0.92, 6.15], [-4.39, -5.72, -2.12, 6.26, -5.89], [-4.32, 5.76, 0.25, 1.51, 2.77], [0.27, 0.6599999999999999, -5.53, -1.85, -5.52], [-0.55, -2.35, -1.54, 2.95, -3.28]]]], "failureRateWorldData": [[12, 14], [16, 19], [12, 18], [15, 12], [15, 19], [13, 12], [15, 21], [12, 15], [17, 16], [15, 14], [9, 17], [16, 18], [9, 11], [17, 14], [13, 21], [13, 15]], "avgNewFitness": [9.045024617914041, 10.653970937486978, 20.99158184089073, 26.027485756905815, 18.607491152687384, 14.878045061990301, 17.861795505857465, 10.502206689121666, 6.653520103476592, 9.739369518760759, 6.64731081266832, 6.3159071872469745, 6.400060945637325, 6.355953017651602, 5.637584247416679, 5.231905047684807], "avgFitnessDiff": [-6.010303816810613, -7.2858453912448145, -2.994493628311437, -14.901940890921372, -24.862821194118943, -18.965666028777807, -19.498096700608173, -13.7797005510896, -10.998893807167129, -2.3899957592459162, -2.545551880798904, -1.7065779616441843, -1.1981390434439847, -1.2113146174777827, -1.4797579463930715, -1.2435665188764278]}