flatEnv,hillEnv,round
0.0,0.0,0
12.219109141084811,6.13455098922461,50
