flatEnv,hillEnv,round
0.0,0.0,0
14.341067690208513,10.968877208331126,50
19.86566557477294,12.775767033627975,100
22.128668412636838,13.525093426952575,150
21.189039859767302,13.095214577462276,200
22.56299849200634,13.485177096364355,250
22.372326125060102,13.275185447742105,300
22.784861896616626,13.80536257799441,350
22.46002777003101,13.90083263515378,400
23.25618991874502,14.150299886741587,450
