{"round": 380, "totalRobots": 256, "totalDeadRobots": 3534, "bestScoreWorld": [[102.52, 104.56, 104.8, 104.25, 102.17, 106.54, 102.59, 102.73, 100.98, 97.54, 97.87, 85.02, 66.93, 86.9, 61.76, 101.9], [102.95, 103.06, 103.36, 103.05, 101.79, 103.57, 102.8, 106.29, 89.9, 83.1, 98.17, 100.99, 101.17, 101.24, 71.96, 101.92], [103.48, 103.24, 102.14, 103.11, 103.31, 102.15, 103.73, 102.8, 102.25, 101.0, 102.13, 102.03, 64.09, 65.75, 100.96, 99.49], [102.03, 101.92, 103.27, 102.78, 104.9, 103.25, 104.26, 103.57, 85.27, 97.93, 88.89, 68.77, 68.58, 67.51, 98.39, 83.67], [102.26, 104.89, 102.77, 104.47, 105.19, 105.59, 103.17, 104.19, 97.7, 101.02, 101.34, 102.04, 77.38, 100.51, 80.21, 89.24], [101.88, 103.2, 102.6, 103.09, 104.27, 104.91, 103.31, 102.56, 97.18, 57.5, 72.1, 99.54, 96.04, 76.12, 94.32, 78.88], [103.21, 103.66, 104.45, 101.98, 103.51, 105.11, 102.98, 103.19, 91.38, 101.4, 100.52, 73.25, 86.54, 84.17, 101.24, 72.4], [102.89, 106.57, 105.25, 104.76, 104.64, 106.87, 104.41, 102.85, 84.09, 90.06, 75.51, 74.02, 101.41, 83.8, 71.36, 65.47], [104.08, 102.75, 103.62, 102.06, 102.05, 105.73, 102.21, 102.5, 73.36, 100.83, 100.67, 74.72, 84.5, 101.13, 95.98, 73.8], [101.96, 101.18, 105.79, 103.57, 103.46, 101.87, 104.22, 102.64, 100.63, 101.09, 75.16, 101.48, 86.43, 86.6, 93.2, 101.03], [102.63, 102.66, 103.22, 104.17, 103.15, 102.59, 104.48, 101.44, 98.13, 102.53, 101.09, 81.16, 83.43, 99.49, 92.04, 64.59], [103.44, 102.0, 103.06, 104.52, 102.96, 103.91, 102.92, 101.65, 89.27, 101.15, 57.98, 100.51, 83.33, 88.03, 86.23, 96.87], [105.54, 102.58, 103.75, 102.53, 105.27, 101.84, 103.6, 102.8, 90.41, 90.31, 83.83, 84.77, 92.01, 82.47, 102.72, 22.07], [102.5, 102.74, 103.55, 106.52, 102.52, 102.63, 101.87, 104.38, 101.86, 100.82, 98.88, 100.97, 97.46, 94.27, 82.56, 95.22], [102.14, 103.06, 104.1, 103.66, 103.43, 102.52, 104.37, 103.25, 95.27, 99.99, 90.07, 99.0, 101.76, 59.98, 80.43, 79.41], [102.55, 102.04, 102.53, 102.91, 102.51, 106.34, 104.06, 104.44, 102.01, 101.27, 102.19, 94.77, 90.06, 93.78, 101.91, 63.34]], "topScore": 106.87057504799972, "topRobot": [[3.0, 4.0, 3.0, 3.0, 4.0], [2.0, 4.0, 3.0, 0.0, 1.0], [3.0, 4.0, 0.0, 0.0, 0.0], [4.0, 1.0, 2.0, 3.0, 1.0], [0.0, 0.0, 2.0, 2.0, 4.0]], "topGenes": [[[1.0, 0.0, 1.0, 1.0, 1.0], [0.0, 1.0, 1.0, 1.0, 1.0], [1.0, 0.0, 0.0, 1.0, 0.0], [1.0, 0.0, 1.0, 0.0, 0.0], [0.0, 0.0, 0.0, 1.0, 1.0]], [[5.8, 5.84, -3.63, -5.48, 3.78], [3.38, -5.31, 6.04, -5.31, -1.16], [4.0200000000000005, -1.53, 1.2, 0.09, -2.5], [-6.14, 1.45, 0.0, 2.99, 5.82], [-2.26, 1.2, -5.94, -3.48, -0.81]], [[4.48, 4.53, 2.69, -2.7, -5.17], [-2.59, 1.44, 4.45, -1.96, -3.8], [-5.75, 4.98, 1.81, 5.53, -3.3], [0.61, -6.03, 1.6, 2.6, 2.21], [1.16, -1.64, 3.42, -2.39, -3.93]], [[5.39, -4.23, 0.87, 0.92, 6.15], [-4.39, -5.72, -2.12, 6.26, -5.89], [-3.58, 5.76, 0.42000000000000004, 1.51, 2.77], [-0.59, 1.0, -5.53, -1.2400000000000002, -5.52], [-0.55, -2.35, -1.54, 2.95, -3.28]]], "topRobotLocation": [5, 7], "env_1_BestScorer": [[[3.0, 4.0, 3.0, 3.0, 4.0], [2.0, 4.0, 3.0, 0.0, 1.0], [3.0, 4.0, 0.0, 0.0, 0.0], [4.0, 1.0, 2.0, 3.0, 1.0], [0.0, 0.0, 2.0, 2.0, 4.0]], [[[1.0, 0.0, 1.0, 1.0, 1.0], [0.0, 1.0, 1.0, 1.0, 1.0], [1.0, 0.0, 0.0, 1.0, 0.0], [1.0, 0.0, 1.0, 0.0, 0.0], [0.0, 0.0, 0.0, 1.0, 1.0]], [[5.8, 5.84, -3.63, -5.48, 3.78], [3.38, -5.31, 6.04, -5.31, -1.16], [4.0200000000000005, -1.53, 1.2, 0.09, -2.5], [-6.14, 1.45, 0.0, 2.99, 5.82], [-2.26, 1.2, -5.94, -3.48, -0.81]], [[4.48, 4.53, 2.69, -2.7, -5.17], [-2.59, 1.44, 4.45, -1.96, -3.8], [-5.75, 4.98, 1.81, 5.53, -3.3], [0.61, -6.03, 1.6, 2.6, 2.21], [1.16, -1.64, 3.42, -2.39, -3.93]], [[5.39, -4.23, 0.87, 0.92, 6.15], [-4.39, -5.72, -2.12, 6.26, -5.89], [-3.58, 5.76, 0.42000000000000004, 1.51, 2.77], [-0.59, 1.0, -5.53, -1.2400000000000002, -5.52], [-0.55, -2.35, -1.54, 2.95, -3.28]]]], "env_2_BestScorer": [[[3.0, 4.0, 3.0, 3.0, 4.0], [3.0, 4.0, 3.0, 0.0, 1.0], [3.0, 4.0, 0.0, 0.0, 0.0], [4.0, 1.0, 1.0, 3.0, 1.0], [0.0, 0.0, 2.0, 2.0, 4.0]], [[[1.0, 1.0, 1.0, 1.0, 1.0], [0.0, 1.0, 1.0, 1.0, 1.0], [0.0, 0.0, 0.0, 1.0, 0.0], [1.0, 0.0, 1.0, 1.0, 0.0], [0.0, 0.0, 0.0, 1.0, 1.0]], [[6.17, 5.84, -3.63, -5.48, 3.78], [3.38, -5.72, 5.76, -5.31, -1.16], [4.62, -1.53, 1.7799999999999998, 0.09, -2.5], [-5.489999999999999, 1.45, -0.42, 2.99, 5.82], [-2.26, 1.2, -5.94, -3.48, -0.81]], [[4.95, 4.6000000000000005, 2.69, -3.14, -5.17], [-2.59, 1.44, 4.03, -2.39, -3.8], [-5.75, 4.98, 1.81, 5.53, -3.3], [0.61, -7.0200000000000005, 0.7800000000000001, 2.6, 2.21], [1.16, -1.64, 3.42, -2.39, -3.93]], [[5.39, -5.140000000000001, 0.87, 0.92, 6.15], [-4.43, -5.72, -2.89, 6.26, -5.89], [-4.32, 5.76, 0.25, 1.51, 2.77], [-0.59, 1.0, -6.710000000000001, -1.2400000000000002, -5.52], [-0.55, -2.35, -1.54, 2.95, -3.28]]]], "failureRateWorldData": [[13, 17], [23, 14], [9, 17], [16, 15], [18, 19], [13, 16], [18, 14], [15, 13], [20, 18], [10, 14], [17, 13], [20, 20], [14, 15], [15, 18], [20, 17], [14, 16]], "avgNewFitness": [47.61178255048986, 59.99576347817645, 60.27384376973892, 66.2457293515604, 49.709231627705876, 65.17679818143826, 55.63198687317226, 47.3340306682633, 26.946874028071207, 34.768559993076956, 25.07743308260428, 28.4394027013372, 30.50998373092005, 29.535375937837657, 26.164983195101858, 37.20372662614362], "avgFitnessDiff": [-55.536924876432835, -43.24462642230501, -42.68330191783084, -37.41350078183458, -53.932092445410696, -38.87670419029618, -47.92340606676805, -55.66862625321049, -69.60175707339188, -57.65750218070376, -67.4219229100239, -62.39504324975276, -55.97694632242385, -56.320214687127454, -65.10497912060677, -40.25624877305902]}