{"round": 150, "totalRobots": 256, "totalDeadRobots": 2893, "bestScoreWorld": [[96.31, 103.02, 102.87, 101.43, 101.01, 102.61, 99.56, 102.44, 64.43, 64.12, 97.87, 85.02, 65.09, 56.75, 39.92, 51.22], [102.46, 103.06, 103.3, 102.98, 101.73, 99.65, 101.56, 106.29, 66.92, 83.1, 61.97, 100.99, 61.26, 54.15, 51.13, 52.2], [103.0, 102.61, 102.14, 102.74, 102.78, 102.04, 102.49, 102.23, 58.79, 73.64, 89.26, 66.59, 58.6, 63.43, 63.56, 52.62], [101.83, 101.92, 102.05, 102.58, 102.53, 96.77, 102.97, 103.57, 66.81, 73.54, 70.76, 55.03, 54.73, 47.32, 62.57, 51.88], [102.26, 102.03, 102.77, 102.27, 102.03, 103.42, 100.97, 102.85, 93.9, 60.57, 52.54, 67.57, 57.53, 54.52, 59.01, 48.02], [101.79, 102.9, 102.15, 101.56, 103.86, 101.14, 103.31, 101.98, 59.03, 57.5, 61.53, 62.54, 70.93, 62.34, 53.85, 57.27], [101.03, 101.95, 102.51, 101.47, 101.21, 101.68, 101.82, 102.02, 82.68, 101.4, 95.24, 56.23, 59.18, 51.96, 64.17, 54.89], [102.22, 103.15, 103.19, 102.39, 104.64, 105.15, 104.41, 101.83, 64.69, 90.06, 60.79, 65.91, 88.28, 59.04, 43.5, 50.94], [101.54, 102.21, 103.4, 101.36, 101.65, 103.23, 101.26, 102.5, 49.66, 33.18, 60.19, 57.4, 55.28, 57.98, 54.93, 64.35], [101.77, 101.06, 105.79, 102.44, 103.46, 101.82, 102.16, 102.34, 100.63, 70.39, 54.15, 51.92, 50.75, 57.39, 50.75, 56.17], [102.0, 102.66, 102.76, 102.68, 102.85, 102.34, 104.05, 101.43, 66.64, 101.11, 64.06, 73.2, 52.08, 61.22, 51.91, 48.45], [91.12, 101.2, 103.06, 103.85, 102.17, 101.94, 102.92, 101.65, 71.42, 84.85, 47.37, 60.55, 51.37, 88.03, 70.76, 96.87], [101.15, 101.87, 103.75, 101.77, 101.96, 101.81, 102.98, 102.37, 90.4, 82.57, 75.25, 84.77, 49.62, 51.74, 65.42, 17.64], [102.06, 101.47, 100.97, 101.09, 102.52, 102.08, 101.87, 102.85, 101.86, 69.74, 97.67, 99.62, 64.54, 57.0, 54.31, 68.71], [86.8, 102.2, 97.65, 99.4, 103.43, 101.33, 101.84, 101.8, 87.15, 50.84, 52.24, 95.34, 50.59, 12.54, 58.04, 47.29], [102.55, 86.61, 101.67, 102.08, 102.51, 101.49, 101.38, 103.21, 78.8, 72.78, 69.7, 44.0, 76.08, 63.13, 37.5, 50.05]], "topScore": 106.29156507296068, "topRobot": [[3.0, 4.0, 3.0, 3.0, 4.0], [2.0, 4.0, 3.0, 0.0, 1.0], [3.0, 4.0, 0.0, 0.0, 0.0], [3.0, 1.0, 1.0, 3.0, 1.0], [0.0, 0.0, 2.0, 2.0, 4.0]], "topGenes": [[[1.0, 1.0, 1.0, 1.0, 1.0], [1.0, 1.0, 1.0, 1.0, 1.0], [1.0, 0.0, 0.0, 0.0, 0.0], [1.0, 0.0, 1.0, 1.0, 0.0], [0.0, 0.0, 0.0, 1.0, 1.0]], [[6.17, 5.84, -3.63, -5.48, 3.78], [3.38, -5.72, 6.04, -5.31, -1.16], [4.21, -1.53, 1.2, -0.41000000000000003, -2.5], [-6.14, 1.45, -0.42, 2.99, 5.82], [-2.26, 1.2, -5.94, -3.48, -0.81]], [[4.48, 4.41, 2.69, -2.7, -5.17], [-2.59, 1.44, 4.45, -2.39, -3.8], [-5.75, 5.970000000000001, 1.81, 5.53, -3.3], [0.61, -6.03, 1.6, 2.4, 2.21], [1.16, -1.64, 3.42, -2.39, -3.93]], [[5.39, -4.23, 0.87, 0.92, 6.15], [-4.39, -5.72, -2.12, 6.26, -5.89], [-4.32, 5.76, 0.25, 1.51, 2.77], [-0.59, 1.0, -5.53, -1.2400000000000002, -5.52], [-0.55, -2.35, -1.54, 2.95, -3.28]]], "topRobotLocation": [7, 1], "env_1_BestScorer": [[[3.0, 4.0, 3.0, 3.0, 4.0], [2.0, 4.0, 3.0, 0.0, 1.0], [3.0, 4.0, 0.0, 0.0, 0.0], [3.0, 1.0, 1.0, 3.0, 1.0], [0.0, 0.0, 2.0, 2.0, 4.0]], [[[1.0, 1.0, 1.0, 1.0, 1.0], [1.0, 1.0, 1.0, 1.0, 1.0], [1.0, 0.0, 0.0, 0.0, 0.0], [1.0, 0.0, 1.0, 1.0, 0.0], [0.0, 0.0, 0.0, 1.0, 1.0]], [[6.17, 5.84, -3.63, -5.48, 3.78], [3.38, -5.72, 6.04, -5.31, -1.16], [4.21, -1.53, 1.2, -0.41000000000000003, -2.5], [-6.14, 1.45, -0.42, 2.99, 5.82], [-2.26, 1.2, -5.94, -3.48, -0.81]], [[4.48, 4.41, 2.69, -2.7, -5.17], [-2.59, 1.44, 4.45, -2.39, -3.8], [-5.75, 5.970000000000001, 1.81, 5.53, -3.3], [0.61, -6.03, 1.6, 2.4, 2.21], [1.16, -1.64, 3.42, -2.39, -3.93]], [[5.39, -4.23, 0.87, 0.92, 6.15], [-4.39, -5.72, -2.12, 6.26, -5.89], [-4.32, 5.76, 0.25, 1.51, 2.77], [-0.59, 1.0, -5.53, -1.2400000000000002, -5.52], [-0.55, -2.35, -1.54, 2.95, -3.28]]]], "env_2_BestScorer": [[[3.0, 4.0, 3.0, 3.0, 4.0], [2.0, 4.0, 3.0, 0.0, 1.0], [3.0, 4.0, 0.0, 0.0, 0.0], [4.0, 1.0, 2.0, 3.0, 1.0], [0.0, 0.0, 2.0, 2.0, 4.0]], [[[0.0, 1.0, 1.0, 1.0, 1.0], [0.0, 1.0, 1.0, 1.0, 1.0], [1.0, 0.0, 1.0, 1.0, 0.0], [1.0, 0.0, 1.0, 0.0, 0.0], [0.0, 0.0, 0.0, 1.0, 1.0]], [[6.17, 5.84, -3.63, -5.66, 3.78], [3.38, -5.72, 6.04, -5.31, -1.16], [4.21, -1.53, 1.2, 0.09, -2.5], [-6.14, 1.45, -0.42, 2.99, 5.82], [-2.26, 1.2, -5.94, -3.48, -0.81]], [[4.48, 4.53, 2.69, -2.7, -5.17], [-2.59, 1.44, 4.45, -2.39, -3.8], [-5.55, 4.98, 1.81, 5.53, -3.3], [0.61, -6.03, 1.6, 3.58, 2.21], [1.16, -1.64, 3.42, -2.39, -3.93]], [[5.39, -4.23, 0.87, 0.92, 6.15], [-4.39, -6.4799999999999995, -2.12, 6.26, -5.89], [-3.54, 5.76, 0.76, 1.51, 2.77], [0.14, 0.6599999999999999, -5.53, -2.43, -5.52], [-0.55, -2.35, -1.54, 2.95, -3.28]]]], "failureRateWorldData": [[12, 13], [18, 22], [18, 13], [16, 17], [16, 17], [12, 16], [16, 14], [19, 19], [16, 11], [13, 18], [20, 15], [12, 14], [13, 18], [10, 18], [25, 19], [13, 12]], "avgNewFitness": [39.576040297744676, 45.79950699578572, 56.89866130752983, 37.55140260067124, 78.5701095029166, 67.40901430670804, 44.85662937812723, 49.54610728208669, 38.67535903585363, 22.119508655929998, 20.244299822327058, 30.507663192228517, 18.01837269137973, 19.642563620802587, 25.46486123470558, 27.321624706734482], "avgFitnessDiff": [-59.071669539171765, -53.19529943296166, -45.57120120002219, -64.62843070183743, -23.666073189873632, -34.54929215877282, -57.15558804088295, -46.3352380590393, -40.78498113415474, -50.153589026983475, -48.84160080726081, -36.35131584318435, -45.66317126946846, -41.12367535777586, -24.592342993180846, -30.10484092343948]}