{"round": 160, "totalRobots": 256, "totalDeadRobots": 2972, "bestScoreWorld": [[96.31, 103.02, 104.25, 101.79, 101.01, 106.54, 101.79, 102.44, 100.98, 64.12, 97.87, 85.02, 65.09, 57.53, 48.81, 53.14], [102.46, 103.06, 103.3, 102.98, 101.73, 102.29, 101.56, 106.29, 70.83, 83.1, 69.42, 100.99, 66.13, 60.32, 53.63, 52.2], [103.0, 102.61, 102.14, 102.74, 102.78, 102.04, 102.49, 102.23, 61.44, 73.64, 89.26, 66.59, 58.6, 65.75, 65.6, 52.62], [101.83, 101.92, 102.05, 102.58, 102.53, 101.11, 104.26, 103.57, 66.81, 91.89, 70.76, 56.9, 54.73, 48.76, 62.57, 51.88], [102.26, 102.03, 102.77, 102.27, 102.03, 103.42, 100.97, 102.85, 93.9, 60.57, 52.54, 67.57, 57.53, 54.52, 59.01, 48.02], [101.79, 102.9, 102.15, 101.56, 104.27, 101.14, 103.31, 101.98, 61.73, 57.5, 61.53, 81.06, 70.93, 62.34, 53.85, 57.27], [101.03, 102.38, 103.28, 101.47, 101.21, 101.68, 101.89, 102.25, 82.68, 101.4, 95.24, 56.23, 59.18, 51.96, 64.28, 60.48], [102.22, 103.61, 103.19, 102.39, 104.64, 106.87, 104.41, 102.85, 64.69, 90.06, 75.51, 65.91, 88.28, 60.61, 52.57, 51.8], [104.08, 102.21, 103.4, 101.36, 102.05, 104.06, 101.26, 102.5, 51.59, 33.18, 60.19, 57.4, 55.28, 57.98, 54.93, 64.35], [101.77, 101.06, 105.79, 102.44, 103.46, 101.82, 102.16, 102.53, 100.63, 74.86, 54.15, 53.56, 50.75, 57.39, 50.75, 56.17], [102.19, 102.66, 102.76, 102.68, 102.85, 102.34, 104.05, 101.43, 66.64, 101.11, 64.06, 73.2, 54.93, 61.22, 51.91, 48.45], [101.88, 101.77, 103.06, 103.85, 102.17, 101.94, 102.92, 101.65, 71.42, 84.85, 47.37, 82.15, 77.79, 88.03, 76.62, 96.87], [103.11, 101.87, 103.75, 101.77, 102.39, 101.81, 102.98, 102.37, 90.4, 82.57, 75.25, 84.77, 49.62, 51.74, 65.42, 17.64], [102.5, 101.47, 101.16, 101.09, 102.52, 102.08, 101.87, 102.85, 101.86, 69.74, 97.67, 99.62, 64.54, 57.0, 57.72, 68.71], [101.8, 102.2, 97.65, 100.62, 103.43, 101.33, 104.37, 101.8, 87.15, 52.73, 77.67, 95.34, 51.3, 12.54, 58.04, 47.29], [102.55, 90.85, 102.53, 102.15, 102.51, 102.16, 101.38, 103.21, 78.8, 72.78, 76.29, 62.43, 76.08, 63.13, 37.5, 50.05]], "topScore": 106.87057504799972, "topRobot": [[3.0, 4.0, 3.0, 3.0, 4.0], [2.0, 4.0, 3.0, 0.0, 1.0], [3.0, 4.0, 0.0, 0.0, 0.0], [4.0, 1.0, 2.0, 3.0, 1.0], [0.0, 0.0, 2.0, 2.0, 4.0]], "topGenes": [[[1.0, 0.0, 1.0, 1.0, 1.0], [0.0, 1.0, 1.0, 1.0, 1.0], [1.0, 0.0, 0.0, 1.0, 0.0], [1.0, 0.0, 1.0, 0.0, 0.0], [0.0, 0.0, 0.0, 1.0, 1.0]], [[5.8, 5.84, -3.63, -5.48, 3.78], [3.38, -5.31, 6.04, -5.31, -1.16], [4.0200000000000005, -1.53, 1.2, 0.09, -2.5], [-6.14, 1.45, 0.0, 2.99, 5.82], [-2.26, 1.2, -5.94, -3.48, -0.81]], [[4.48, 4.53, 2.69, -2.7, -5.17], [-2.59, 1.44, 4.45, -1.96, -3.8], [-5.75, 4.98, 1.81, 5.53, -3.3], [0.61, -6.03, 1.6, 2.6, 2.21], [1.16, -1.64, 3.42, -2.39, -3.93]], [[5.39, -4.23, 0.87, 0.92, 6.15], [-4.39, -5.72, -2.12, 6.26, -5.89], [-3.58, 5.76, 0.42000000000000004, 1.51, 2.77], [-0.59, 1.0, -5.53, -1.2400000000000002, -5.52], [-0.55, -2.35, -1.54, 2.95, -3.28]]], "topRobotLocation": [5, 7], "env_1_BestScorer": [[[3.0, 4.0, 3.0, 3.0, 4.0], [2.0, 4.0, 3.0, 0.0, 1.0], [3.0, 4.0, 0.0, 0.0, 0.0], [4.0, 1.0, 2.0, 3.0, 1.0], [0.0, 0.0, 2.0, 2.0, 4.0]], [[[1.0, 0.0, 1.0, 1.0, 1.0], [0.0, 1.0, 1.0, 1.0, 1.0], [1.0, 0.0, 0.0, 1.0, 0.0], [1.0, 0.0, 1.0, 0.0, 0.0], [0.0, 0.0, 0.0, 1.0, 1.0]], [[5.8, 5.84, -3.63, -5.48, 3.78], [3.38, -5.31, 6.04, -5.31, -1.16], [4.0200000000000005, -1.53, 1.2, 0.09, -2.5], [-6.14, 1.45, 0.0, 2.99, 5.82], [-2.26, 1.2, -5.94, -3.48, -0.81]], [[4.48, 4.53, 2.69, -2.7, -5.17], [-2.59, 1.44, 4.45, -1.96, -3.8], [-5.75, 4.98, 1.81, 5.53, -3.3], [0.61, -6.03, 1.6, 2.6, 2.21], [1.16, -1.64, 3.42, -2.39, -3.93]], [[5.39, -4.23, 0.87, 0.92, 6.15], [-4.39, -5.72, -2.12, 6.26, -5.89], [-3.58, 5.76, 0.42000000000000004, 1.51, 2.77], [-0.59, 1.0, -5.53, -1.2400000000000002, -5.52], [-0.55, -2.35, -1.54, 2.95, -3.28]]]], "env_2_BestScorer": [[[3.0, 4.0, 3.0, 3.0, 4.0], [2.0, 4.0, 3.0, 0.0, 1.0], [3.0, 4.0, 0.0, 0.0, 0.0], [4.0, 1.0, 2.0, 3.0, 1.0], [0.0, 0.0, 2.0, 2.0, 4.0]], [[[0.0, 1.0, 1.0, 1.0, 1.0], [0.0, 1.0, 1.0, 1.0, 1.0], [1.0, 0.0, 1.0, 1.0, 0.0], [1.0, 0.0, 1.0, 0.0, 0.0], [0.0, 0.0, 0.0, 1.0, 1.0]], [[6.17, 5.84, -3.63, -5.66, 3.78], [3.38, -5.72, 6.04, -5.31, -1.16], [4.21, -1.53, 1.2, 0.09, -2.5], [-6.14, 1.45, -0.42, 2.99, 5.82], [-2.26, 1.2, -5.94, -3.48, -0.81]], [[4.48, 4.53, 2.69, -2.7, -5.17], [-2.59, 1.44, 4.45, -2.39, -3.8], [-5.55, 4.98, 1.81, 5.53, -3.3], [0.61, -6.03, 1.6, 3.58, 2.21], [1.16, -1.64, 3.42, -2.39, -3.93]], [[5.39, -4.23, 0.87, 0.92, 6.15], [-4.39, -6.4799999999999995, -2.12, 6.26, -5.89], [-3.54, 5.76, 0.76, 1.51, 2.77], [0.14, 0.6599999999999999, -5.53, -2.43, -5.52], [-0.55, -2.35, -1.54, 2.95, -3.28]]]], "failureRateWorldData": [[15, 13], [16, 19], [17, 17], [14, 14], [11, 20], [19, 14], [14, 17], [22, 12], [15, 22], [10, 13], [20, 17], [14, 13], [14, 15], [16, 22], [23, 14], [10, 14]], "avgNewFitness": [46.0050430217366, 37.26730190797001, 68.46974388679088, 38.32588698368557, 66.38396284429498, 53.62662380978782, 52.51269571807829, 44.5638413716705, 20.260893153533193, 25.436234886733207, 29.426910970831415, 17.23489544214522, 15.806054218836907, 24.41238241023707, 25.556976081597405, 16.292747045588932], "avgFitnessDiff": [-56.42624186668188, -64.11665019389461, -33.77650782668842, -64.1964180091124, -36.15621862875251, -48.765024864968936, -49.956256045521904, -53.12550163326393, -62.216746006187876, -47.588843453811656, -41.066560640216245, -55.83388306374392, -50.00285704862749, -35.630440846582694, -31.59403124592751, -36.841731066237735]}