{"round": 130, "totalRobots": 256, "totalDeadRobots": 2745, "bestScoreWorld": [[96.31, 103.02, 102.68, 101.43, 96.29, 101.73, 99.35, 102.21, 58.94, 64.12, 84.78, 65.81, 58.43, 51.56, 39.59, 45.94], [102.46, 103.06, 103.3, 102.98, 101.44, 98.09, 101.56, 106.29, 66.92, 83.1, 61.97, 77.87, 61.22, 54.15, 51.13, 50.9], [103.0, 101.32, 102.14, 101.94, 101.62, 100.7, 102.36, 101.48, 54.82, 73.64, 66.71, 66.59, 54.28, 63.43, 57.73, 39.75], [101.83, 101.92, 102.05, 102.58, 102.53, 96.77, 102.97, 102.99, 66.81, 60.74, 59.04, 53.58, 54.73, 39.06, 62.57, 51.88], [101.66, 102.03, 101.17, 102.27, 102.03, 103.42, 90.65, 102.29, 93.9, 60.57, 52.54, 61.9, 57.53, 47.26, 58.12, 41.56], [101.79, 102.11, 102.15, 101.56, 103.86, 101.11, 103.31, 101.44, 59.03, 57.5, 61.53, 62.54, 70.93, 54.15, 44.84, 51.84], [101.03, 101.95, 102.38, 101.47, 97.74, 101.5, 101.8, 102.02, 82.68, 101.4, 93.16, 51.63, 51.8, 49.71, 46.44, 53.59], [102.22, 103.15, 103.19, 102.39, 104.64, 105.15, 104.41, 101.83, 64.69, 90.06, 60.79, 65.91, 88.28, 59.04, 43.5, 50.94], [101.54, 102.21, 103.4, 101.36, 101.65, 103.23, 101.26, 102.5, 38.94, 33.18, 55.04, 57.4, 55.28, 55.28, 46.76, 63.2], [101.61, 101.06, 104.18, 101.83, 103.46, 101.82, 102.16, 102.08, 100.63, 70.39, 47.88, 51.92, 46.87, 52.74, 50.75, 56.17], [101.85, 102.36, 101.39, 102.29, 102.85, 101.58, 104.05, 101.43, 66.64, 101.11, 54.31, 73.2, 50.37, 61.22, 51.91, 46.72], [73.39, 62.5, 103.06, 100.79, 100.24, 101.88, 102.92, 101.65, 71.42, 84.21, 47.37, 49.48, 51.37, 88.03, 44.37, 65.53], [101.15, 101.87, 77.11, 101.77, 101.66, 101.18, 102.98, 100.84, 81.4, 65.14, 75.25, 69.57, 49.62, 44.0, 39.83, 12.83], [82.66, 66.1, 100.97, 98.7, 102.52, 102.08, 101.87, 101.46, 90.35, 69.74, 79.63, 99.62, 64.54, 57.0, 44.64, 68.71], [73.87, 102.2, 97.38, 99.4, 103.43, 101.01, 101.65, 101.8, 80.68, 40.36, 52.24, 95.34, 50.59, 12.54, 58.04, 44.89], [102.55, 86.61, 101.67, 102.08, 101.03, 101.17, 101.38, 103.21, 78.8, 72.78, 52.48, 39.94, 54.69, 49.59, 37.5, 50.05]], "topScore": 106.29156507296068, "topRobot": [[3.0, 4.0, 3.0, 3.0, 4.0], [2.0, 4.0, 3.0, 0.0, 1.0], [3.0, 4.0, 0.0, 0.0, 0.0], [3.0, 1.0, 1.0, 3.0, 1.0], [0.0, 0.0, 2.0, 2.0, 4.0]], "topGenes": [[[1.0, 1.0, 1.0, 1.0, 1.0], [1.0, 1.0, 1.0, 1.0, 1.0], [1.0, 0.0, 0.0, 0.0, 0.0], [1.0, 0.0, 1.0, 1.0, 0.0], [0.0, 0.0, 0.0, 1.0, 1.0]], [[6.17, 5.84, -3.63, -5.48, 3.78], [3.38, -5.72, 6.04, -5.31, -1.16], [4.21, -1.53, 1.2, -0.41000000000000003, -2.5], [-6.14, 1.45, -0.42, 2.99, 5.82], [-2.26, 1.2, -5.94, -3.48, -0.81]], [[4.48, 4.41, 2.69, -2.7, -5.17], [-2.59, 1.44, 4.45, -2.39, -3.8], [-5.75, 5.970000000000001, 1.81, 5.53, -3.3], [0.61, -6.03, 1.6, 2.4, 2.21], [1.16, -1.64, 3.42, -2.39, -3.93]], [[5.39, -4.23, 0.87, 0.92, 6.15], [-4.39, -5.72, -2.12, 6.26, -5.89], [-4.32, 5.76, 0.25, 1.51, 2.77], [-0.59, 1.0, -5.53, -1.2400000000000002, -5.52], [-0.55, -2.35, -1.54, 2.95, -3.28]]], "topRobotLocation": [7, 1], "env_1_BestScorer": [[[3.0, 4.0, 3.0, 3.0, 4.0], [2.0, 4.0, 3.0, 0.0, 1.0], [3.0, 4.0, 0.0, 0.0, 0.0], [3.0, 1.0, 1.0, 3.0, 1.0], [0.0, 0.0, 2.0, 2.0, 4.0]], [[[1.0, 1.0, 1.0, 1.0, 1.0], [1.0, 1.0, 1.0, 1.0, 1.0], [1.0, 0.0, 0.0, 0.0, 0.0], [1.0, 0.0, 1.0, 1.0, 0.0], [0.0, 0.0, 0.0, 1.0, 1.0]], [[6.17, 5.84, -3.63, -5.48, 3.78], [3.38, -5.72, 6.04, -5.31, -1.16], [4.21, -1.53, 1.2, -0.41000000000000003, -2.5], [-6.14, 1.45, -0.42, 2.99, 5.82], [-2.26, 1.2, -5.94, -3.48, -0.81]], [[4.48, 4.41, 2.69, -2.7, -5.17], [-2.59, 1.44, 4.45, -2.39, -3.8], [-5.75, 5.970000000000001, 1.81, 5.53, -3.3], [0.61, -6.03, 1.6, 2.4, 2.21], [1.16, -1.64, 3.42, -2.39, -3.93]], [[5.39, -4.23, 0.87, 0.92, 6.15], [-4.39, -5.72, -2.12, 6.26, -5.89], [-4.32, 5.76, 0.25, 1.51, 2.77], [-0.59, 1.0, -5.53, -1.2400000000000002, -5.52], [-0.55, -2.35, -1.54, 2.95, -3.28]]]], "env_2_BestScorer": [[[3.0, 4.0, 3.0, 3.0, 4.0], [2.0, 4.0, 3.0, 0.0, 1.0], [3.0, 4.0, 0.0, 0.0, 0.0], [4.0, 1.0, 2.0, 3.0, 1.0], [0.0, 0.0, 2.0, 2.0, 4.0]], [[[0.0, 0.0, 1.0, 1.0, 1.0], [0.0, 1.0, 1.0, 0.0, 1.0], [1.0, 1.0, 0.0, 1.0, 0.0], [1.0, 0.0, 1.0, 1.0, 0.0], [0.0, 0.0, 0.0, 1.0, 1.0]], [[6.17, 5.84, -3.42, -5.48, 3.78], [3.38, -5.72, 6.04, -5.31, -1.16], [4.21, -1.53, 1.2, -0.28, -2.5], [-6.14, 1.45, -0.009999999999999898, 2.99, 5.82], [-2.26, 1.2, -5.94, -3.48, -0.81]], [[4.48, 4.53, 2.69, -2.7, -5.17], [-2.59, 1.44, 4.45, -2.39, -3.8], [-5.17, 4.98, 1.81, 5.53, -3.3], [0.61, -6.03, 1.6, 2.6, 2.21], [1.16, -1.64, 3.42, -2.39, -3.93]], [[5.39, -4.23, 0.87, 0.92, 6.15], [-4.39, -6.4799999999999995, -2.12, 6.26, -5.89], [-4.32, 5.76, 0.25, 1.51, 2.77], [1.08, 0.6599999999999999, -6.12, -1.0, -5.52], [-0.55, -2.35, -1.54, 2.95, -3.28]]]], "failureRateWorldData": [[16, 18], [13, 11], [22, 18], [13, 18], [18, 18], [16, 15], [19, 10], [13, 20], [17, 18], [17, 15], [9, 14], [18, 18], [14, 11], [19, 16], [9, 21], [14, 15]], "avgNewFitness": [52.23058827109518, 23.81518804097427, 48.58512868904464, 44.97605101729347, 65.3549458449325, 49.1094320276424, 51.34848138169126, 55.16522413758129, 19.023116158361077, 26.276658789940257, 13.406269098811391, 21.37407212761718, 25.78704740454318, 19.770954035588268, 23.483882346203558, 30.061559478397786], "avgFitnessDiff": [-43.82164013425623, -73.03870458513573, -50.73025672641219, -56.89559905554948, -36.33444057817438, -52.33934050267764, -50.63838423836828, -40.97054289349452, -62.39357248053492, -45.45491305108682, -47.24605642923126, -38.45505429583338, -35.698936223141814, -30.843571273109724, -27.89337929540973, -15.411117770131364]}