{"round": 190, "totalRobots": 256, "totalDeadRobots": 3106, "bestScoreWorld": [[102.52, 104.56, 104.25, 101.79, 101.67, 106.54, 102.59, 102.44, 100.98, 64.12, 97.87, 85.02, 65.09, 64.44, 50.03, 63.81], [102.95, 103.06, 103.3, 102.98, 101.73, 102.29, 101.56, 106.29, 70.83, 83.1, 83.5, 100.99, 75.9, 60.32, 53.63, 79.2], [103.0, 102.61, 102.14, 103.11, 102.78, 102.04, 102.95, 102.25, 75.2, 85.84, 89.26, 81.09, 58.87, 65.75, 66.25, 61.28], [101.83, 101.92, 102.95, 102.58, 102.53, 101.62, 104.26, 103.57, 72.87, 91.89, 74.43, 57.57, 68.58, 48.76, 62.57, 62.35], [102.26, 102.55, 102.77, 103.78, 102.03, 103.42, 101.01, 103.05, 93.9, 78.56, 101.06, 76.8, 57.53, 57.89, 59.01, 48.02], [101.79, 102.9, 102.15, 102.18, 104.27, 101.14, 103.31, 102.56, 61.73, 57.5, 61.53, 82.56, 70.93, 62.34, 53.85, 57.27], [101.84, 102.71, 103.91, 101.47, 102.81, 102.24, 102.19, 103.19, 82.68, 101.4, 95.24, 56.93, 66.24, 52.65, 72.95, 60.48], [102.49, 105.07, 104.26, 102.74, 104.64, 106.87, 104.41, 102.85, 64.69, 90.06, 75.51, 66.02, 100.87, 60.61, 53.45, 51.8], [104.08, 102.21, 103.4, 101.36, 102.05, 104.06, 101.26, 102.5, 51.59, 70.0, 62.48, 59.29, 55.57, 70.45, 54.93, 64.39], [101.77, 101.06, 105.79, 102.44, 103.46, 101.82, 102.16, 102.53, 100.63, 74.86, 54.74, 53.56, 56.38, 57.39, 62.15, 97.24], [102.45, 102.66, 102.76, 102.79, 102.85, 102.34, 104.05, 101.43, 66.64, 101.11, 64.06, 73.2, 54.93, 61.22, 51.91, 60.02], [102.58, 101.77, 103.06, 103.85, 102.17, 103.04, 102.92, 101.65, 71.42, 84.85, 47.37, 82.15, 83.33, 88.03, 76.62, 96.87], [103.11, 101.87, 103.75, 101.77, 102.39, 101.81, 102.98, 102.37, 90.4, 82.57, 75.25, 84.77, 81.59, 82.47, 65.42, 17.64], [102.5, 101.47, 101.16, 102.52, 102.52, 102.08, 101.87, 102.85, 101.86, 81.66, 97.67, 99.62, 95.93, 94.27, 57.72, 68.71], [101.8, 102.2, 97.85, 102.33, 103.43, 101.7, 104.37, 101.8, 87.15, 52.73, 84.06, 95.34, 67.16, 12.91, 58.04, 47.29], [102.55, 101.49, 102.53, 102.15, 102.51, 102.25, 102.81, 103.21, 86.85, 99.23, 76.29, 62.43, 76.86, 64.02, 37.5, 50.05]], "topScore": 106.87057504799972, "topRobot": [[3.0, 4.0, 3.0, 3.0, 4.0], [2.0, 4.0, 3.0, 0.0, 1.0], [3.0, 4.0, 0.0, 0.0, 0.0], [4.0, 1.0, 2.0, 3.0, 1.0], [0.0, 0.0, 2.0, 2.0, 4.0]], "topGenes": [[[1.0, 0.0, 1.0, 1.0, 1.0], [0.0, 1.0, 1.0, 1.0, 1.0], [1.0, 0.0, 0.0, 1.0, 0.0], [1.0, 0.0, 1.0, 0.0, 0.0], [0.0, 0.0, 0.0, 1.0, 1.0]], [[5.8, 5.84, -3.63, -5.48, 3.78], [3.38, -5.31, 6.04, -5.31, -1.16], [4.0200000000000005, -1.53, 1.2, 0.09, -2.5], [-6.14, 1.45, 0.0, 2.99, 5.82], [-2.26, 1.2, -5.94, -3.48, -0.81]], [[4.48, 4.53, 2.69, -2.7, -5.17], [-2.59, 1.44, 4.45, -1.96, -3.8], [-5.75, 4.98, 1.81, 5.53, -3.3], [0.61, -6.03, 1.6, 2.6, 2.21], [1.16, -1.64, 3.42, -2.39, -3.93]], [[5.39, -4.23, 0.87, 0.92, 6.15], [-4.39, -5.72, -2.12, 6.26, -5.89], [-3.58, 5.76, 0.42000000000000004, 1.51, 2.77], [-0.59, 1.0, -5.53, -1.2400000000000002, -5.52], [-0.55, -2.35, -1.54, 2.95, -3.28]]], "topRobotLocation": [5, 7], "env_1_BestScorer": [[[3.0, 4.0, 3.0, 3.0, 4.0], [2.0, 4.0, 3.0, 0.0, 1.0], [3.0, 4.0, 0.0, 0.0, 0.0], [4.0, 1.0, 2.0, 3.0, 1.0], [0.0, 0.0, 2.0, 2.0, 4.0]], [[[1.0, 0.0, 1.0, 1.0, 1.0], [0.0, 1.0, 1.0, 1.0, 1.0], [1.0, 0.0, 0.0, 1.0, 0.0], [1.0, 0.0, 1.0, 0.0, 0.0], [0.0, 0.0, 0.0, 1.0, 1.0]], [[5.8, 5.84, -3.63, -5.48, 3.78], [3.38, -5.31, 6.04, -5.31, -1.16], [4.0200000000000005, -1.53, 1.2, 0.09, -2.5], [-6.14, 1.45, 0.0, 2.99, 5.82], [-2.26, 1.2, -5.94, -3.48, -0.81]], [[4.48, 4.53, 2.69, -2.7, -5.17], [-2.59, 1.44, 4.45, -1.96, -3.8], [-5.75, 4.98, 1.81, 5.53, -3.3], [0.61, -6.03, 1.6, 2.6, 2.21], [1.16, -1.64, 3.42, -2.39, -3.93]], [[5.39, -4.23, 0.87, 0.92, 6.15], [-4.39, -5.72, -2.12, 6.26, -5.89], [-3.58, 5.76, 0.42000000000000004, 1.51, 2.77], [-0.59, 1.0, -5.53, -1.2400000000000002, -5.52], [-0.55, -2.35, -1.54, 2.95, -3.28]]]], "env_2_BestScorer": [[[3.0, 4.0, 3.0, 3.0, 4.0], [2.0, 4.0, 3.0, 0.0, 1.0], [3.0, 4.0, 0.0, 0.0, 0.0], [4.0, 1.0, 2.0, 3.0, 1.0], [0.0, 0.0, 2.0, 2.0, 4.0]], [[[0.0, 1.0, 1.0, 1.0, 1.0], [0.0, 1.0, 1.0, 1.0, 1.0], [1.0, 0.0, 1.0, 1.0, 0.0], [1.0, 0.0, 1.0, 0.0, 0.0], [0.0, 0.0, 0.0, 1.0, 1.0]], [[6.17, 5.84, -3.63, -5.66, 3.78], [3.38, -5.72, 6.04, -5.31, -1.16], [4.21, -1.53, 1.2, 0.09, -2.5], [-6.14, 1.45, -0.42, 2.99, 5.82], [-2.26, 1.2, -5.94, -3.48, -0.81]], [[4.48, 4.53, 2.69, -2.7, -5.17], [-2.59, 1.44, 4.45, -2.39, -3.8], [-5.55, 4.98, 1.81, 5.53, -3.3], [0.61, -6.03, 1.6, 3.58, 2.21], [1.16, -1.64, 3.42, -2.39, -3.93]], [[5.39, -4.23, 0.87, 0.92, 6.15], [-4.39, -6.4799999999999995, -2.12, 6.26, -5.89], [-3.54, 5.76, 0.76, 1.51, 2.77], [0.14, 0.6599999999999999, -5.53, -2.43, -5.52], [-0.55, -2.35, -1.54, 2.95, -3.28]]]], "failureRateWorldData": [[15, 11], [12, 18], [20, 16], [15, 17], [14, 20], [21, 10], [16, 18], [16, 21], [13, 13], [19, 12], [12, 19], [18, 14], [15, 16], [14, 18], [15, 18], [17, 15]], "avgNewFitness": [51.73137229034482, 49.192577175358274, 57.538312701773194, 60.991866068828756, 69.1838179202545, 48.15721655163951, 56.43619224318744, 53.918688382055336, 29.801903531609362, 26.035928202618674, 33.93104760946562, 43.93842452393527, 31.90816814463516, 28.1082627268712, 18.474978509359943, 32.44447742775329], "avgFitnessDiff": [-50.60688308361552, -53.51873948370052, -45.05926079484148, -41.554196810984486, -33.39882696077588, -55.08662099948922, -46.12055656351245, -44.36013039107784, -51.0246262995466, -53.077932136874495, -49.257080490364984, -24.343560885852842, -37.757703491160704, -39.35164905980678, -40.797369667352115, -30.514872575391724]}