{"round": 250, "totalRobots": 256, "totalDeadRobots": 3296, "bestScoreWorld": [[102.52, 104.56, 104.8, 102.21, 101.86, 106.54, 102.59, 102.44, 100.98, 64.12, 97.87, 85.02, 65.09, 76.43, 61.76, 80.88], [102.95, 103.06, 103.3, 102.98, 101.78, 102.29, 101.73, 106.29, 72.72, 83.1, 83.5, 100.99, 101.17, 101.24, 55.09, 100.6], [103.0, 102.68, 102.14, 103.11, 102.78, 102.04, 103.16, 102.25, 88.09, 85.84, 89.26, 100.94, 64.09, 65.75, 67.79, 66.78], [101.86, 101.92, 103.27, 102.58, 103.55, 102.83, 104.26, 103.57, 85.27, 95.43, 75.45, 63.4, 68.58, 54.62, 75.38, 62.35], [102.26, 103.68, 102.77, 103.78, 103.5, 105.21, 102.41, 104.19, 93.9, 100.75, 101.34, 77.99, 64.01, 62.41, 59.04, 48.02], [101.8, 103.2, 102.29, 102.61, 104.27, 104.91, 103.31, 102.56, 66.3, 57.5, 61.53, 82.56, 74.36, 70.75, 57.13, 57.27], [103.21, 103.66, 103.95, 101.47, 103.51, 102.73, 102.4, 103.19, 82.68, 101.4, 95.24, 56.93, 66.24, 70.84, 72.95, 60.54], [102.89, 105.07, 104.26, 103.83, 104.64, 106.87, 104.41, 102.85, 80.93, 90.06, 75.51, 73.93, 101.41, 62.79, 61.75, 56.99], [104.08, 102.21, 103.4, 102.06, 102.05, 105.73, 102.21, 102.5, 55.93, 81.18, 100.67, 67.15, 71.04, 73.32, 56.5, 73.77], [101.77, 101.06, 105.79, 102.77, 103.46, 101.84, 104.22, 102.53, 100.63, 101.09, 54.74, 101.47, 63.21, 57.39, 62.15, 97.24], [102.45, 102.66, 102.83, 102.88, 103.15, 102.59, 104.05, 101.43, 66.64, 102.53, 64.06, 80.28, 67.63, 80.02, 51.91, 61.7], [103.44, 101.77, 103.06, 103.85, 102.17, 103.04, 102.92, 101.65, 84.72, 94.53, 53.95, 82.15, 83.33, 88.03, 76.62, 96.87], [103.11, 102.58, 103.75, 101.77, 105.27, 101.81, 102.98, 102.37, 90.4, 82.57, 75.25, 84.77, 92.01, 82.47, 102.72, 22.07], [102.5, 102.74, 102.49, 106.52, 102.52, 102.08, 101.87, 102.85, 101.86, 88.54, 97.67, 99.62, 97.46, 94.27, 82.56, 80.03], [101.8, 102.62, 102.86, 103.66, 103.43, 101.7, 104.37, 102.43, 87.15, 99.99, 90.07, 99.0, 74.36, 13.0, 72.81, 62.6], [102.55, 101.78, 102.53, 102.15, 102.51, 103.06, 104.06, 104.06, 97.67, 101.27, 76.29, 62.43, 76.86, 93.78, 98.79, 62.19]], "topScore": 106.87057504799972, "topRobot": [[3.0, 4.0, 3.0, 3.0, 4.0], [2.0, 4.0, 3.0, 0.0, 1.0], [3.0, 4.0, 0.0, 0.0, 0.0], [4.0, 1.0, 2.0, 3.0, 1.0], [0.0, 0.0, 2.0, 2.0, 4.0]], "topGenes": [[[1.0, 0.0, 1.0, 1.0, 1.0], [0.0, 1.0, 1.0, 1.0, 1.0], [1.0, 0.0, 0.0, 1.0, 0.0], [1.0, 0.0, 1.0, 0.0, 0.0], [0.0, 0.0, 0.0, 1.0, 1.0]], [[5.8, 5.84, -3.63, -5.48, 3.78], [3.38, -5.31, 6.04, -5.31, -1.16], [4.0200000000000005, -1.53, 1.2, 0.09, -2.5], [-6.14, 1.45, 0.0, 2.99, 5.82], [-2.26, 1.2, -5.94, -3.48, -0.81]], [[4.48, 4.53, 2.69, -2.7, -5.17], [-2.59, 1.44, 4.45, -1.96, -3.8], [-5.75, 4.98, 1.81, 5.53, -3.3], [0.61, -6.03, 1.6, 2.6, 2.21], [1.16, -1.64, 3.42, -2.39, -3.93]], [[5.39, -4.23, 0.87, 0.92, 6.15], [-4.39, -5.72, -2.12, 6.26, -5.89], [-3.58, 5.76, 0.42000000000000004, 1.51, 2.77], [-0.59, 1.0, -5.53, -1.2400000000000002, -5.52], [-0.55, -2.35, -1.54, 2.95, -3.28]]], "topRobotLocation": [5, 7], "env_1_BestScorer": [[[3.0, 4.0, 3.0, 3.0, 4.0], [2.0, 4.0, 3.0, 0.0, 1.0], [3.0, 4.0, 0.0, 0.0, 0.0], [4.0, 1.0, 2.0, 3.0, 1.0], [0.0, 0.0, 2.0, 2.0, 4.0]], [[[1.0, 0.0, 1.0, 1.0, 1.0], [0.0, 1.0, 1.0, 1.0, 1.0], [1.0, 0.0, 0.0, 1.0, 0.0], [1.0, 0.0, 1.0, 0.0, 0.0], [0.0, 0.0, 0.0, 1.0, 1.0]], [[5.8, 5.84, -3.63, -5.48, 3.78], [3.38, -5.31, 6.04, -5.31, -1.16], [4.0200000000000005, -1.53, 1.2, 0.09, -2.5], [-6.14, 1.45, 0.0, 2.99, 5.82], [-2.26, 1.2, -5.94, -3.48, -0.81]], [[4.48, 4.53, 2.69, -2.7, -5.17], [-2.59, 1.44, 4.45, -1.96, -3.8], [-5.75, 4.98, 1.81, 5.53, -3.3], [0.61, -6.03, 1.6, 2.6, 2.21], [1.16, -1.64, 3.42, -2.39, -3.93]], [[5.39, -4.23, 0.87, 0.92, 6.15], [-4.39, -5.72, -2.12, 6.26, -5.89], [-3.58, 5.76, 0.42000000000000004, 1.51, 2.77], [-0.59, 1.0, -5.53, -1.2400000000000002, -5.52], [-0.55, -2.35, -1.54, 2.95, -3.28]]]], "env_2_BestScorer": [[[3.0, 4.0, 3.0, 3.0, 4.0], [3.0, 4.0, 3.0, 0.0, 1.0], [3.0, 4.0, 0.0, 0.0, 0.0], [4.0, 1.0, 1.0, 3.0, 1.0], [0.0, 0.0, 2.0, 2.0, 4.0]], [[[1.0, 1.0, 1.0, 1.0, 1.0], [0.0, 1.0, 1.0, 1.0, 1.0], [0.0, 0.0, 0.0, 1.0, 0.0], [1.0, 0.0, 1.0, 1.0, 0.0], [0.0, 0.0, 0.0, 1.0, 1.0]], [[6.17, 5.84, -3.63, -5.48, 3.78], [3.38, -5.72, 5.76, -5.31, -1.16], [4.62, -1.53, 1.7799999999999998, 0.09, -2.5], [-5.489999999999999, 1.45, -0.42, 2.99, 5.82], [-2.26, 1.2, -5.94, -3.48, -0.81]], [[4.95, 4.6000000000000005, 2.69, -3.14, -5.17], [-2.59, 1.44, 4.03, -2.39, -3.8], [-5.75, 4.98, 1.81, 5.53, -3.3], [0.61, -7.0200000000000005, 0.7800000000000001, 2.6, 2.21], [1.16, -1.64, 3.42, -2.39, -3.93]], [[5.39, -5.140000000000001, 0.87, 0.92, 6.15], [-4.43, -5.72, -2.89, 6.26, -5.89], [-4.32, 5.76, 0.25, 1.51, 2.77], [-0.59, 1.0, -6.710000000000001, -1.2400000000000002, -5.52], [-0.55, -2.35, -1.54, 2.95, -3.28]]]], "failureRateWorldData": [[14, 15], [19, 15], [14, 16], [11, 16], [21, 17], [16, 17], [14, 16], [18, 15], [10, 23], [17, 11], [17, 14], [23, 20], [11, 11], [11, 17], [19, 16], [16, 17]], "avgNewFitness": [60.33174294826143, 35.472575224794774, 58.566066892697094, 56.930266105826696, 82.66136835527128, 60.700313953181485, 76.21583986263411, 45.63717829041409, 23.913470109018334, 31.630171832539293, 24.622125022083143, 28.345882248381848, 20.647786180939026, 21.609220189278613, 32.21424095917228, 38.38758307674828], "avgFitnessDiff": [-42.48032188090925, -67.0203506515839, -45.03780144572456, -46.48140148981961, -20.03949601875608, -42.509201018693915, -26.985975942843865, -54.15324012652547, -65.6574176116804, -54.60088889693547, -57.05826874905747, -49.75599236254497, -55.06125976925684, -56.059965628268344, -37.2122824348256, -28.80148147217228]}