{"round": 230, "totalRobots": 256, "totalDeadRobots": 3234, "bestScoreWorld": [[102.52, 104.56, 104.8, 102.21, 101.86, 106.54, 102.59, 102.44, 100.98, 64.12, 97.87, 85.02, 65.09, 76.43, 54.51, 63.81], [102.95, 103.06, 103.3, 102.98, 101.73, 102.29, 101.56, 106.29, 70.83, 83.1, 83.5, 100.99, 101.17, 101.24, 53.63, 100.6], [103.0, 102.68, 102.14, 103.11, 102.78, 102.04, 102.95, 102.25, 88.09, 85.84, 89.26, 100.94, 64.09, 65.75, 66.25, 61.28], [101.84, 101.92, 102.95, 102.58, 102.96, 101.62, 104.26, 103.57, 72.87, 95.43, 75.45, 63.4, 68.58, 50.06, 75.38, 62.35], [102.26, 103.68, 102.77, 103.78, 103.5, 105.21, 101.64, 104.19, 93.9, 100.75, 101.34, 77.99, 57.53, 62.41, 59.04, 48.02], [101.79, 102.9, 102.29, 102.61, 104.27, 104.91, 103.31, 102.56, 65.34, 57.5, 61.53, 82.56, 70.93, 62.34, 55.12, 57.27], [103.21, 103.66, 103.95, 101.47, 103.51, 102.24, 102.4, 103.19, 82.68, 101.4, 95.24, 56.93, 66.24, 59.75, 72.95, 60.54], [102.89, 105.07, 104.26, 103.83, 104.64, 106.87, 104.41, 102.85, 80.93, 90.06, 75.51, 66.02, 101.41, 60.61, 61.75, 56.99], [104.08, 102.21, 103.4, 102.06, 102.05, 105.21, 102.07, 102.5, 55.93, 70.0, 100.67, 67.15, 71.04, 70.45, 56.5, 73.77], [101.77, 101.06, 105.79, 102.77, 103.46, 101.84, 102.16, 102.53, 100.63, 85.98, 54.74, 53.67, 63.21, 57.39, 62.15, 97.24], [102.45, 102.66, 102.83, 102.88, 102.85, 102.59, 104.05, 101.43, 66.64, 102.53, 64.06, 73.2, 57.13, 80.02, 51.91, 61.7], [103.44, 101.77, 103.06, 103.85, 102.17, 103.04, 102.92, 101.65, 84.72, 94.53, 53.89, 82.15, 83.33, 88.03, 76.62, 96.87], [103.11, 101.88, 103.75, 101.77, 105.27, 101.81, 102.98, 102.37, 90.4, 82.57, 75.25, 84.77, 92.01, 82.47, 102.72, 22.07], [102.5, 102.74, 102.19, 102.52, 102.52, 102.08, 101.87, 102.85, 101.86, 88.54, 97.67, 99.62, 97.46, 94.27, 82.56, 78.59], [101.8, 102.62, 102.86, 103.66, 103.43, 101.7, 104.37, 102.43, 87.15, 99.99, 84.06, 95.34, 73.88, 13.0, 58.28, 58.82], [102.55, 101.49, 102.53, 102.15, 102.51, 103.06, 104.06, 103.21, 86.85, 101.27, 76.29, 62.43, 76.86, 88.96, 98.79, 62.19]], "topScore": 106.87057504799972, "topRobot": [[3.0, 4.0, 3.0, 3.0, 4.0], [2.0, 4.0, 3.0, 0.0, 1.0], [3.0, 4.0, 0.0, 0.0, 0.0], [4.0, 1.0, 2.0, 3.0, 1.0], [0.0, 0.0, 2.0, 2.0, 4.0]], "topGenes": [[[1.0, 0.0, 1.0, 1.0, 1.0], [0.0, 1.0, 1.0, 1.0, 1.0], [1.0, 0.0, 0.0, 1.0, 0.0], [1.0, 0.0, 1.0, 0.0, 0.0], [0.0, 0.0, 0.0, 1.0, 1.0]], [[5.8, 5.84, -3.63, -5.48, 3.78], [3.38, -5.31, 6.04, -5.31, -1.16], [4.0200000000000005, -1.53, 1.2, 0.09, -2.5], [-6.14, 1.45, 0.0, 2.99, 5.82], [-2.26, 1.2, -5.94, -3.48, -0.81]], [[4.48, 4.53, 2.69, -2.7, -5.17], [-2.59, 1.44, 4.45, -1.96, -3.8], [-5.75, 4.98, 1.81, 5.53, -3.3], [0.61, -6.03, 1.6, 2.6, 2.21], [1.16, -1.64, 3.42, -2.39, -3.93]], [[5.39, -4.23, 0.87, 0.92, 6.15], [-4.39, -5.72, -2.12, 6.26, -5.89], [-3.58, 5.76, 0.42000000000000004, 1.51, 2.77], [-0.59, 1.0, -5.53, -1.2400000000000002, -5.52], [-0.55, -2.35, -1.54, 2.95, -3.28]]], "topRobotLocation": [5, 7], "env_1_BestScorer": [[[3.0, 4.0, 3.0, 3.0, 4.0], [2.0, 4.0, 3.0, 0.0, 1.0], [3.0, 4.0, 0.0, 0.0, 0.0], [4.0, 1.0, 2.0, 3.0, 1.0], [0.0, 0.0, 2.0, 2.0, 4.0]], [[[1.0, 0.0, 1.0, 1.0, 1.0], [0.0, 1.0, 1.0, 1.0, 1.0], [1.0, 0.0, 0.0, 1.0, 0.0], [1.0, 0.0, 1.0, 0.0, 0.0], [0.0, 0.0, 0.0, 1.0, 1.0]], [[5.8, 5.84, -3.63, -5.48, 3.78], [3.38, -5.31, 6.04, -5.31, -1.16], [4.0200000000000005, -1.53, 1.2, 0.09, -2.5], [-6.14, 1.45, 0.0, 2.99, 5.82], [-2.26, 1.2, -5.94, -3.48, -0.81]], [[4.48, 4.53, 2.69, -2.7, -5.17], [-2.59, 1.44, 4.45, -1.96, -3.8], [-5.75, 4.98, 1.81, 5.53, -3.3], [0.61, -6.03, 1.6, 2.6, 2.21], [1.16, -1.64, 3.42, -2.39, -3.93]], [[5.39, -4.23, 0.87, 0.92, 6.15], [-4.39, -5.72, -2.12, 6.26, -5.89], [-3.58, 5.76, 0.42000000000000004, 1.51, 2.77], [-0.59, 1.0, -5.53, -1.2400000000000002, -5.52], [-0.55, -2.35, -1.54, 2.95, -3.28]]]], "env_2_BestScorer": [[[3.0, 4.0, 3.0, 3.0, 4.0], [3.0, 4.0, 3.0, 0.0, 1.0], [3.0, 4.0, 0.0, 0.0, 0.0], [4.0, 1.0, 1.0, 3.0, 1.0], [0.0, 0.0, 2.0, 2.0, 4.0]], [[[1.0, 1.0, 1.0, 1.0, 1.0], [0.0, 1.0, 1.0, 1.0, 1.0], [0.0, 0.0, 0.0, 1.0, 0.0], [1.0, 0.0, 1.0, 1.0, 0.0], [0.0, 0.0, 0.0, 1.0, 1.0]], [[6.17, 5.84, -3.63, -5.48, 3.78], [3.38, -5.72, 5.76, -5.31, -1.16], [4.62, -1.53, 1.7799999999999998, 0.09, -2.5], [-5.489999999999999, 1.45, -0.42, 2.99, 5.82], [-2.26, 1.2, -5.94, -3.48, -0.81]], [[4.95, 4.6000000000000005, 2.69, -3.14, -5.17], [-2.59, 1.44, 4.03, -2.39, -3.8], [-5.75, 4.98, 1.81, 5.53, -3.3], [0.61, -7.0200000000000005, 0.7800000000000001, 2.6, 2.21], [1.16, -1.64, 3.42, -2.39, -3.93]], [[5.39, -5.140000000000001, 0.87, 0.92, 6.15], [-4.43, -5.72, -2.89, 6.26, -5.89], [-4.32, 5.76, 0.25, 1.51, 2.77], [-0.59, 1.0, -6.710000000000001, -1.2400000000000002, -5.52], [-0.55, -2.35, -1.54, 2.95, -3.28]]]], "failureRateWorldData": [[8, 13], [29, 11], [13, 19], [17, 19], [15, 15], [19, 16], [10, 17], [12, 19], [21, 17], [14, 17], [14, 13], [17, 12], [22, 16], [13, 22], [19, 18], [11, 12]], "avgNewFitness": [53.51808545021231, 53.02523334692511, 74.34954325878786, 51.328958485036146, 47.07283359071888, 71.31442629933544, 45.5513843761217, 58.271915120606344, 29.86756165311073, 30.619232414642365, 19.449259665150613, 23.821688355677562, 17.137147401836852, 31.258894567450298, 30.761454692932123, 34.55481614751614], "avgFitnessDiff": [-48.85089360440871, -49.81464590952328, -28.870734155427193, -51.67429936690409, -55.6606034728623, -32.05487501995882, -57.529932093318216, -38.930010263294655, -62.29056142036234, -54.49900856680317, -61.92520226698052, -50.118675319511944, -55.888366554034135, -46.234853658255, -29.074791700325786, -35.430613057811165]}