{"round": 20, "totalRobots": 204, "totalDeadRobots": 260, "bestScoreWorld": [[6.3, 6.3, 6.15, 6.15, 6.15, 6.15, 6.15, 5.86, 5.79, 5.79, 5.96, 6.16, 6.16, 5.42, 5.46, 5.42], [6.67, 6.3, 6.67, 6.15, 6.15, 6.3, 6.3, 5.86, 5.79, 5.95, 5.96, 5.79, 6.1, 5.86, 5.58, 5.05], [6.3, 6.38, 6.15, 6.18, 6.15, 5.95, 5.95, 5.86, 5.96, 6.12, 5.96, 5.79, 5.86, 5.86, 5.79, 5.86], [6.38, 6.38, 6.38, 5.96, 6.96, 5.95, 6.18, 5.86, 6.12, 5.96, 5.96, 5.86, 5.86, 5.86, 5.86, 5.72], [6.38, 6.38, 6.38, 5.95, 19.34, 24.34, 5.86, 5.86, 5.92, 5.96, 5.95, 5.79, 5.86, 5.86, 5.86, 5.86], [6.02, 9.5, 9.5, 9.5, 44.48, 21.16, 6.08, 5.85, 5.14, 5.95, 5.86, 5.79, 5.79, 5.86, 5.79, -100], [6.02, 9.5, 14.33, 6.26, 14.97, 73.24, 5.78, 6.37, 4.9, 5.96, 5.86, 5.22, 5.86, 5.14, 5.79, -100], [5.75, 6.02, 5.34, 6.01, 9.17, 6.63, 6.63, 9.5, 5.28, 6.41, 5.82, 5.74, 5.71, 5.03, -100, -100], [6.02, 5.31, 6.13, 6.32, 6.63, 6.63, 6.63, 7.53, 5.59, 5.37, 4.82, 5.19, 6.48, -100, -100, -100], [5.25, 5.95, 5.95, 46.6, 6.63, 9.54, 9.24, 4.96, 5.27, 4.91, 5.37, 4.62, -0.52, -100, -100, -100], [5.86, 5.25, 5.82, 5.53, 6.11, 9.52, 6.33, 6.4, 5.51, 5.27, 4.01, 3.48, -100, -100, -100, -100], [5.21, 5.86, 5.76, 6.11, 6.11, 42.77, 9.67, 4.56, 5.65, 4.49, 4.6, -100, -100, -100, -100, -100], [5.86, 5.76, 5.55, 5.2, 6.11, 6.63, 6.76, 8.72, 4.49, 6.07, 3.88, -100, -100, -100, -100, -100], [4.64, 5.53, 5.21, 5.86, 5.1, 27.59, 12.62, 4.07, 6.07, -100, -100, -100, -100, -100, -100, -100], [5.69, 4.92, 5.53, 5.21, 4.95, 5.85, 3.48, -100, -100, -100, -100, -100, -100, -100, -100, -100], [4.92, 5.55, 5.05, 5.22, -100, -100, -100, -100, -100, -100, -100, -100, -100, -100, -100, -100]], "topScore": 73.24465681885235, "topRobot": [[3.0, 4.0, 3.0, 3.0, 4.0], [2.0, 4.0, 3.0, 0.0, 1.0], [3.0, 4.0, 0.0, 0.0, 0.0], [3.0, 1.0, 2.0, 3.0, 1.0], [0.0, 0.0, 2.0, 2.0, 4.0]], "topGenes": [[[1.0, 1.0, 1.0, 1.0, 1.0], [0.0, 1.0, 1.0, 1.0, 1.0], [1.0, 0.0, 0.0, 1.0, 0.0], [1.0, 1.0, 1.0, 1.0, 0.0], [0.0, 0.0, 0.0, 1.0, 1.0]], [[6.17, 5.84, -3.63, -5.48, 3.78], [3.38, -5.72, 6.04, -5.31, -1.16], [4.62, -1.53, 1.2, 0.09, -2.5], [-6.14, 1.45, -0.42, 3.5200000000000005, 5.82], [-2.26, 1.2, -5.94, -3.48, -0.81]], [[4.48, 4.53, 2.69, -2.7, -5.17], [-2.59, 1.44, 4.45, -2.39, -3.8], [-5.75, 4.98, 1.81, 5.53, -3.3], [0.61, -6.03, 1.6, 2.6, 2.21], [1.16, -1.64, 3.42, -2.39, -3.93]], [[5.39, -4.23, 0.87, 0.92, 6.15], [-4.39, -5.72, -2.12, 6.26, -5.89], [-4.32, 5.76, 0.42000000000000004, 1.51, 2.77], [0.27, 1.0, -5.53, -1.85, -5.52], [-0.55, -2.35, -1.54, 2.95, -3.28]]], "topRobotLocation": [5, 6], "env_1_BestScorer": [[[3.0, 4.0, 3.0, 3.0, 4.0], [2.0, 4.0, 3.0, 0.0, 1.0], [3.0, 4.0, 0.0, 0.0, 0.0], [3.0, 1.0, 2.0, 3.0, 1.0], [0.0, 0.0, 2.0, 2.0, 4.0]], [[[1.0, 1.0, 1.0, 1.0, 1.0], [0.0, 1.0, 1.0, 1.0, 1.0], [1.0, 0.0, 0.0, 1.0, 0.0], [1.0, 1.0, 1.0, 1.0, 0.0], [0.0, 0.0, 0.0, 1.0, 1.0]], [[6.17, 5.84, -3.63, -5.48, 3.78], [3.38, -5.72, 6.04, -5.31, -1.16], [4.62, -1.53, 1.2, 0.09, -2.5], [-6.14, 1.45, -0.42, 3.5200000000000005, 5.82], [-2.26, 1.2, -5.94, -3.48, -0.81]], [[4.48, 4.53, 2.69, -2.7, -5.17], [-2.59, 1.44, 4.45, -2.39, -3.8], [-5.75, 4.98, 1.81, 5.53, -3.3], [0.61, -6.03, 1.6, 2.6, 2.21], [1.16, -1.64, 3.42, -2.39, -3.93]], [[5.39, -4.23, 0.87, 0.92, 6.15], [-4.39, -5.72, -2.12, 6.26, -5.89], [-4.32, 5.76, 0.42000000000000004, 1.51, 2.77], [0.27, 1.0, -5.53, -1.85, -5.52], [-0.55, -2.35, -1.54, 2.95, -3.28]]]], "env_2_BestScorer": [[[3.0, 4.0, 1.0, 3.0, 4.0], [2.0, 4.0, 3.0, 3.0, 1.0], [4.0, 4.0, 0.0, 1.0, 0.0], [4.0, 1.0, 2.0, 0.0, 1.0], [0.0, 0.0, 2.0, 2.0, 4.0]], [[[1.0, 1.0, 1.0, 1.0, 1.0], [1.0, 1.0, 1.0, 1.0, 1.0], [1.0, 0.0, 0.0, 1.0, 0.0], [1.0, 0.0, 1.0, 1.0, 0.0], [0.0, 0.0, 0.0, 1.0, 1.0]], [[6.17, 5.84, -3.63, -5.48, 3.78], [3.38, -5.72, 6.04, -5.31, -1.16], [4.62, -1.53, 1.2, 0.09, -2.5], [-6.14, 1.45, -0.42, 2.99, 5.82], [-2.26, 1.2, -5.94, -3.48, -0.81]], [[4.48, 4.53, 2.69, -2.7, -5.17], [-2.59, 1.44, 4.45, -1.7600000000000002, -3.8], [-5.75, 4.98, 0.8500000000000001, 5.53, -3.3], [0.61, -6.03, 1.6, 2.6, 2.21], [1.16, -1.64, 3.42, -2.39, -3.93]], [[5.39, -4.23, 0.87, -0.26999999999999996, 6.15], [-4.39, -5.9799999999999995, -2.12, 6.26, -5.89], [-4.32, 5.76, 0.25, 1.51, 2.77], [-0.59, 1.0, -6.48, -1.2400000000000002, -5.52], [-0.55, -2.35, -1.54, 2.95, -3.28]]]], "failureRateWorldData": [[12, 13], [8, 14], [17, 21], [15, 15], [13, 18], [10, 10], [8, 15], [9, 9], [8, 13], [7, 16], [6, 9], [4, 14], [8, 6], [3, 7], [3, 7], [0, 4]], "avgNewFitness": [5.54283036804809, 5.7145149138085545, 5.541402042680555, 5.685948851280343, 7.299508388123554, 12.467834984464762, 5.47581238537305, 5.286335102093448, 4.802005091397551, 5.331287550195973, 5.4272731083643, 5.164154320270701, 4.662350056873401, 5.278153308472878, 5.061238959447872, 5.442157518596177], "avgFitnessDiff": [-0.2050892202809334, -0.6516534216817165, -0.7086734526648463, -2.9084222757390896, -2.845314821326182, -2.6105349747668742, -0.5346237161414603, -0.7923760521729455, -0.9314266402809606, -0.07690111859636733, -0.3045034647949744, -0.30417508742294797, -1.161928886101122, -0.29793517002904374, -0.4109930066804401, -0.24254432724746322]}