{"round": 170, "totalRobots": 256, "totalDeadRobots": 3026, "bestScoreWorld": [[101.85, 104.56, 104.25, 101.79, 101.53, 106.54, 101.79, 102.44, 100.98, 64.12, 97.87, 85.02, 65.09, 57.53, 48.81, 58.12], [102.95, 103.06, 103.3, 102.98, 101.73, 102.29, 101.56, 106.29, 70.83, 83.1, 69.42, 100.99, 66.13, 60.32, 53.63, 65.38], [103.0, 102.61, 102.14, 103.11, 102.78, 102.04, 102.95, 102.23, 75.2, 73.64, 89.26, 73.87, 58.6, 65.75, 66.25, 57.36], [101.83, 101.92, 102.95, 102.58, 102.53, 101.62, 104.26, 103.57, 66.81, 91.89, 70.76, 56.9, 68.58, 48.76, 62.57, 59.14], [102.26, 102.55, 102.77, 103.78, 102.03, 103.42, 100.97, 103.05, 93.9, 65.76, 52.54, 67.57, 57.53, 54.52, 59.01, 48.02], [101.79, 102.9, 102.15, 102.18, 104.27, 101.14, 103.31, 101.98, 61.73, 57.5, 61.53, 82.56, 70.93, 62.34, 53.85, 57.27], [101.03, 102.71, 103.37, 101.47, 102.66, 102.24, 102.02, 102.25, 82.68, 101.4, 95.24, 56.93, 66.24, 51.96, 64.28, 60.48], [102.49, 103.87, 103.19, 102.39, 104.64, 106.87, 104.41, 102.85, 64.69, 90.06, 75.51, 65.91, 88.28, 60.61, 52.57, 51.8], [104.08, 102.21, 103.4, 101.36, 102.05, 104.06, 101.26, 102.5, 51.59, 70.0, 60.19, 57.4, 55.57, 70.45, 54.93, 64.39], [101.77, 101.06, 105.79, 102.44, 103.46, 101.82, 102.16, 102.53, 100.63, 74.86, 54.15, 53.56, 50.75, 57.39, 50.75, 56.17], [102.19, 102.66, 102.76, 102.68, 102.85, 102.34, 104.05, 101.43, 66.64, 101.11, 64.06, 73.2, 54.93, 61.22, 51.91, 50.93], [102.5, 101.77, 103.06, 103.85, 102.17, 101.94, 102.92, 101.65, 71.42, 84.85, 47.37, 82.15, 83.33, 88.03, 76.62, 96.87], [103.11, 101.87, 103.75, 101.77, 102.39, 101.81, 102.98, 102.37, 90.4, 82.57, 75.25, 84.77, 52.05, 61.97, 65.42, 17.64], [102.5, 101.47, 101.16, 101.09, 102.52, 102.08, 101.87, 102.85, 101.86, 70.52, 97.67, 99.62, 64.54, 57.0, 57.72, 68.71], [101.8, 102.2, 97.65, 100.75, 103.43, 101.67, 104.37, 101.8, 87.15, 52.73, 77.67, 95.34, 51.3, 12.54, 58.04, 47.29], [102.55, 101.49, 102.53, 102.15, 102.51, 102.16, 102.81, 103.21, 78.8, 97.8, 76.29, 62.43, 76.08, 63.13, 37.5, 50.05]], "topScore": 106.87057504799972, "topRobot": [[3.0, 4.0, 3.0, 3.0, 4.0], [2.0, 4.0, 3.0, 0.0, 1.0], [3.0, 4.0, 0.0, 0.0, 0.0], [4.0, 1.0, 2.0, 3.0, 1.0], [0.0, 0.0, 2.0, 2.0, 4.0]], "topGenes": [[[1.0, 0.0, 1.0, 1.0, 1.0], [0.0, 1.0, 1.0, 1.0, 1.0], [1.0, 0.0, 0.0, 1.0, 0.0], [1.0, 0.0, 1.0, 0.0, 0.0], [0.0, 0.0, 0.0, 1.0, 1.0]], [[5.8, 5.84, -3.63, -5.48, 3.78], [3.38, -5.31, 6.04, -5.31, -1.16], [4.0200000000000005, -1.53, 1.2, 0.09, -2.5], [-6.14, 1.45, 0.0, 2.99, 5.82], [-2.26, 1.2, -5.94, -3.48, -0.81]], [[4.48, 4.53, 2.69, -2.7, -5.17], [-2.59, 1.44, 4.45, -1.96, -3.8], [-5.75, 4.98, 1.81, 5.53, -3.3], [0.61, -6.03, 1.6, 2.6, 2.21], [1.16, -1.64, 3.42, -2.39, -3.93]], [[5.39, -4.23, 0.87, 0.92, 6.15], [-4.39, -5.72, -2.12, 6.26, -5.89], [-3.58, 5.76, 0.42000000000000004, 1.51, 2.77], [-0.59, 1.0, -5.53, -1.2400000000000002, -5.52], [-0.55, -2.35, -1.54, 2.95, -3.28]]], "topRobotLocation": [5, 7], "env_1_BestScorer": [[[3.0, 4.0, 3.0, 3.0, 4.0], [2.0, 4.0, 3.0, 0.0, 1.0], [3.0, 4.0, 0.0, 0.0, 0.0], [4.0, 1.0, 2.0, 3.0, 1.0], [0.0, 0.0, 2.0, 2.0, 4.0]], [[[1.0, 0.0, 1.0, 1.0, 1.0], [0.0, 1.0, 1.0, 1.0, 1.0], [1.0, 0.0, 0.0, 1.0, 0.0], [1.0, 0.0, 1.0, 0.0, 0.0], [0.0, 0.0, 0.0, 1.0, 1.0]], [[5.8, 5.84, -3.63, -5.48, 3.78], [3.38, -5.31, 6.04, -5.31, -1.16], [4.0200000000000005, -1.53, 1.2, 0.09, -2.5], [-6.14, 1.45, 0.0, 2.99, 5.82], [-2.26, 1.2, -5.94, -3.48, -0.81]], [[4.48, 4.53, 2.69, -2.7, -5.17], [-2.59, 1.44, 4.45, -1.96, -3.8], [-5.75, 4.98, 1.81, 5.53, -3.3], [0.61, -6.03, 1.6, 2.6, 2.21], [1.16, -1.64, 3.42, -2.39, -3.93]], [[5.39, -4.23, 0.87, 0.92, 6.15], [-4.39, -5.72, -2.12, 6.26, -5.89], [-3.58, 5.76, 0.42000000000000004, 1.51, 2.77], [-0.59, 1.0, -5.53, -1.2400000000000002, -5.52], [-0.55, -2.35, -1.54, 2.95, -3.28]]]], "env_2_BestScorer": [[[3.0, 4.0, 3.0, 3.0, 4.0], [2.0, 4.0, 3.0, 0.0, 1.0], [3.0, 4.0, 0.0, 0.0, 0.0], [4.0, 1.0, 2.0, 3.0, 1.0], [0.0, 0.0, 2.0, 2.0, 4.0]], [[[0.0, 1.0, 1.0, 1.0, 1.0], [0.0, 1.0, 1.0, 1.0, 1.0], [1.0, 0.0, 1.0, 1.0, 0.0], [1.0, 0.0, 1.0, 0.0, 0.0], [0.0, 0.0, 0.0, 1.0, 1.0]], [[6.17, 5.84, -3.63, -5.66, 3.78], [3.38, -5.72, 6.04, -5.31, -1.16], [4.21, -1.53, 1.2, 0.09, -2.5], [-6.14, 1.45, -0.42, 2.99, 5.82], [-2.26, 1.2, -5.94, -3.48, -0.81]], [[4.48, 4.53, 2.69, -2.7, -5.17], [-2.59, 1.44, 4.45, -2.39, -3.8], [-5.55, 4.98, 1.81, 5.53, -3.3], [0.61, -6.03, 1.6, 3.58, 2.21], [1.16, -1.64, 3.42, -2.39, -3.93]], [[5.39, -4.23, 0.87, 0.92, 6.15], [-4.39, -6.4799999999999995, -2.12, 6.26, -5.89], [-3.54, 5.76, 0.76, 1.51, 2.77], [0.14, 0.6599999999999999, -5.53, -2.43, -5.52], [-0.55, -2.35, -1.54, 2.95, -3.28]]]], "failureRateWorldData": [[12, 16], [16, 21], [19, 11], [20, 17], [13, 15], [15, 19], [15, 15], [16, 17], [11, 14], [18, 14], [17, 18], [18, 14], [14, 18], [15, 14], [15, 19], [16, 14]], "avgNewFitness": [52.282135887881346, 62.64411859796718, 57.37173771092918, 57.82860395443113, 69.82842160718117, 58.62971515942727, 45.95516750753242, 67.00719075922075, 22.86375912498002, 40.94462656728573, 25.984669440471336, 27.60588031370336, 26.68718898127, 24.175031546713345, 16.29304325063287, 22.442986852858716], "avgFitnessDiff": [-50.2189742118839, -39.617865375539495, -45.145206033687494, -44.746686931525026, -32.74014644771294, -43.665968988421895, -57.8341051537866, -30.474536013490493, -57.94374780953107, -33.83692998312379, -51.10864001542231, -44.34730747177515, -34.45798678421206, -38.2938837847136, -41.86857014652145, -32.36406089516908]}