{"round": 50, "totalRobots": 256, "totalDeadRobots": 1373, "bestScoreWorld": [[42.62, 48.81, 29.43, 73.37, 49.64, 60.11, 45.65, 64.49, 17.65, 32.74, 10.75, 36.76, 9.11, 6.49, 6.61, 6.49], [64.97, 40.13, 69.61, 42.23, 55.15, 44.79, 73.28, 45.12, 19.08, 16.67, 14.54, 11.03, 31.03, 9.5, 9.33, 6.32], [7.84, 60.46, 49.37, 66.12, 48.7, 52.63, 101.81, 46.39, 18.49, 14.23, 10.75, 11.14, 9.5, 11.53, 6.52, 6.47], [77.38, 41.86, 72.67, 48.29, 66.44, 59.87, 62.88, 45.18, 33.97, 13.84, 19.01, 10.56, 9.33, 6.7, 6.47, 6.32], [51.81, 48.61, 42.54, 77.54, 62.5, 101.9, 48.13, 58.48, 31.72, 38.74, 11.23, 12.64, 7.83, 10.67, 9.1, 7.1], [69.29, 37.37, 43.46, 67.51, 101.54, 64.49, 42.28, 56.76, 32.92, 12.27, 11.6, 12.06, 7.86, 10.83, 11.18, 8.88], [101.03, 51.39, 73.14, 101.19, 58.22, 86.93, 58.06, 49.06, 18.83, 37.13, 10.19, 12.36, 8.13, 11.49, 8.89, 7.61], [44.98, 73.71, 44.29, 100.74, 101.22, 89.33, 101.79, 76.42, 37.56, 14.51, 13.06, 32.28, 9.67, 8.75, 11.49, 8.89], [101.13, 89.41, 49.14, 65.91, 76.91, 66.93, 80.48, 87.03, 11.89, 12.11, 10.2, 19.7, 11.23, 7.64, 11.24, 8.19], [70.36, 81.25, 76.27, 55.21, 31.71, 86.89, 85.88, 20.75, 35.49, 10.36, 13.1, 11.15, 12.39, 11.23, 11.25, 8.89], [47.94, 73.88, 49.69, 79.82, 62.25, 24.82, 8.71, 17.38, 17.65, 41.87, 10.81, 42.48, 14.42, 10.67, 11.14, 9.67], [41.5, 39.65, 35.64, 41.86, 73.34, 54.28, 9.67, 43.27, 47.77, 13.84, 23.71, 8.77, 12.35, 11.25, 8.63, 11.24], [53.24, 81.46, 26.46, 73.47, 31.19, 30.01, 65.63, 31.38, 13.01, 35.32, 12.28, 12.35, 11.39, 11.15, 9.24, 8.21], [6.64, 39.24, 64.04, 41.81, 47.96, 40.25, 21.31, 60.64, 8.87, 14.24, 8.79, 12.35, 12.4, 8.15, 8.75, 10.06], [43.75, 59.04, 64.7, 48.32, 62.2, 39.37, 47.63, 12.74, 12.34, 11.39, 11.17, 11.67, 8.87, 11.15, 8.86, 8.72], [46.55, 34.68, 28.67, 10.73, 33.28, 41.41, 29.01, 34.52, 9.11, 11.83, 11.39, 9.87, 7.24, 7.89, 7.51, 6.49]], "topScore": 101.90212228081303, "topRobot": [[3.0, 4.0, 3.0, 3.0, 4.0], [2.0, 4.0, 3.0, 0.0, 1.0], [3.0, 4.0, 0.0, 0.0, 0.0], [4.0, 1.0, 2.0, 3.0, 1.0], [0.0, 0.0, 2.0, 2.0, 4.0]], "topGenes": [[[1.0, 1.0, 0.0, 1.0, 1.0], [0.0, 1.0, 1.0, 1.0, 1.0], [1.0, 1.0, 0.0, 1.0, 0.0], [1.0, 0.0, 1.0, 0.0, 0.0], [0.0, 0.0, 0.0, 1.0, 1.0]], [[6.17, 5.84, -3.63, -5.48, 3.78], [3.38, -4.9399999999999995, 6.04, -5.31, -1.16], [4.62, -1.53, 1.2, 0.09, -2.5], [-6.14, 1.45, -0.42, 2.99, 5.82], [-2.26, 1.2, -5.94, -3.48, -0.81]], [[4.48, 4.53, 2.69, -2.7, -5.17], [-2.59, 1.44, 4.45, -2.39, -3.8], [-5.75, 4.98, 1.81, 5.53, -3.3], [0.61, -6.03, 1.6, 2.6, 2.21], [1.16, -1.64, 3.42, -2.39, -3.93]], [[5.39, -4.23, 0.87, 0.92, 6.15], [-4.39, -5.72, -2.12, 6.26, -5.89], [-4.32, 5.76, 0.42000000000000004, 1.51, 2.77], [0.27, 0.6599999999999999, -5.53, -1.85, -5.52], [-0.55, -2.35, -1.54, 2.95, -3.28]]], "topRobotLocation": [5, 4], "env_1_BestScorer": [[[3.0, 4.0, 3.0, 3.0, 4.0], [2.0, 4.0, 3.0, 0.0, 1.0], [3.0, 4.0, 0.0, 0.0, 0.0], [4.0, 1.0, 2.0, 3.0, 1.0], [0.0, 0.0, 2.0, 2.0, 4.0]], [[[1.0, 1.0, 0.0, 1.0, 1.0], [0.0, 1.0, 1.0, 1.0, 1.0], [1.0, 1.0, 0.0, 1.0, 0.0], [1.0, 0.0, 1.0, 0.0, 0.0], [0.0, 0.0, 0.0, 1.0, 1.0]], [[6.17, 5.84, -3.63, -5.48, 3.78], [3.38, -4.9399999999999995, 6.04, -5.31, -1.16], [4.62, -1.53, 1.2, 0.09, -2.5], [-6.14, 1.45, -0.42, 2.99, 5.82], [-2.26, 1.2, -5.94, -3.48, -0.81]], [[4.48, 4.53, 2.69, -2.7, -5.17], [-2.59, 1.44, 4.45, -2.39, -3.8], [-5.75, 4.98, 1.81, 5.53, -3.3], [0.61, -6.03, 1.6, 2.6, 2.21], [1.16, -1.64, 3.42, -2.39, -3.93]], [[5.39, -4.23, 0.87, 0.92, 6.15], [-4.39, -5.72, -2.12, 6.26, -5.89], [-4.32, 5.76, 0.42000000000000004, 1.51, 2.77], [0.27, 0.6599999999999999, -5.53, -1.85, -5.52], [-0.55, -2.35, -1.54, 2.95, -3.28]]]], "env_2_BestScorer": [[[1.0, 4.0, 3.0, 3.0, 4.0], [3.0, 4.0, 3.0, 0.0, 1.0], [3.0, 4.0, 0.0, 0.0, 0.0], [4.0, 1.0, 2.0, 3.0, 1.0], [0.0, 0.0, 2.0, 2.0, 4.0]], [[[1.0, 1.0, 1.0, 1.0, 1.0], [0.0, 1.0, 1.0, 1.0, 1.0], [1.0, 0.0, 0.0, 1.0, 0.0], [1.0, 0.0, 1.0, 0.0, 0.0], [0.0, 0.0, 0.0, 1.0, 1.0]], [[6.17, 5.84, -3.63, -5.48, 3.78], [3.38, -5.72, 5.76, -4.6499999999999995, -1.16], [4.62, -1.53, 1.2, 0.09, -2.5], [-6.14, 1.45, -0.42, 2.99, 5.82], [-2.26, 1.2, -5.94, -3.48, -0.81]], [[4.48, 5.4, 2.69, -3.14, -5.17], [-2.59, 1.44, 4.45, -2.39, -3.8], [-5.75, 4.98, 1.81, 5.53, -3.3], [0.61, -6.03, 1.6, 2.6, 2.21], [1.16, -1.64, 3.42, -2.39, -3.93]], [[5.39, -4.23, 0.87, 0.92, 6.15], [-4.39, -5.72, -2.12, 6.4799999999999995, -5.89], [-4.32, 5.76, 0.42000000000000004, 1.51, 2.77], [0.27, 0.6599999999999999, -5.53, -1.85, -5.52], [-0.55, -2.35, -1.54, 2.95, -3.28]]]], "failureRateWorldData": [[11, 12], [14, 18], [21, 21], [10, 14], [16, 20], [11, 12], [15, 14], [17, 17], [15, 14], [9, 14], [18, 22], [13, 15], [13, 11], [13, 20], [16, 18], [14, 14]], "avgNewFitness": [42.005061630063615, 29.385501666997836, 32.249195050610965, 35.416215144264115, 23.121446098883318, 25.80795747229669, 29.470235672198523, 14.96534512246389, 15.541145008962753, 7.604332699327425, 9.339762371433872, 12.059111694329513, 7.53862387297471, 5.143727645894407, 7.067078622455779, 7.231798162628178], "avgFitnessDiff": [-9.95796116766587, -21.83981042585473, -20.726624238073686, -17.68238913794298, -34.49595254768845, -33.046631300957564, -23.419229384371288, -29.566533551349327, -7.670996541111049, -8.808995539302936, -6.392091215744617, -0.1444938785442785, -5.02317802938379, -5.093632587665657, -2.134983461455124, -0.9198372439014195]}