{"round": 140, "totalRobots": 256, "totalDeadRobots": 2820, "bestScoreWorld": [[96.31, 103.02, 102.87, 101.43, 96.29, 102.61, 99.56, 102.21, 59.61, 64.12, 84.78, 77.25, 65.09, 51.56, 39.59, 51.22], [102.46, 103.06, 103.3, 102.98, 101.73, 99.65, 101.56, 106.29, 66.92, 83.1, 61.97, 100.99, 61.22, 54.15, 51.13, 50.9], [103.0, 102.61, 102.14, 102.74, 101.62, 100.7, 102.49, 102.23, 54.82, 73.64, 66.71, 66.59, 58.6, 63.43, 58.4, 39.75], [101.83, 101.92, 102.05, 102.58, 102.53, 96.77, 102.97, 102.99, 66.81, 60.74, 59.04, 53.58, 54.73, 39.06, 62.57, 51.88], [102.26, 102.03, 101.22, 102.27, 102.03, 103.42, 100.97, 102.85, 93.9, 60.57, 52.54, 67.57, 57.53, 47.26, 59.01, 41.56], [101.79, 102.11, 102.15, 101.56, 103.86, 101.11, 103.31, 101.98, 59.03, 57.5, 61.53, 62.54, 70.93, 62.34, 48.63, 51.84], [101.03, 101.95, 102.51, 101.47, 101.21, 101.61, 101.82, 102.02, 82.68, 101.4, 93.16, 51.63, 59.18, 49.71, 46.44, 53.59], [102.22, 103.15, 103.19, 102.39, 104.64, 105.15, 104.41, 101.83, 64.69, 90.06, 60.79, 65.91, 88.28, 59.04, 43.5, 50.94], [101.54, 102.21, 103.4, 101.36, 101.65, 103.23, 101.26, 102.5, 46.49, 33.18, 60.19, 57.4, 55.28, 57.98, 54.93, 64.35], [101.61, 101.06, 105.79, 101.83, 103.46, 101.82, 102.16, 102.34, 100.63, 70.39, 47.88, 51.92, 50.75, 57.39, 50.75, 56.17], [102.0, 102.36, 102.76, 102.29, 102.85, 101.58, 104.05, 101.43, 66.64, 101.11, 64.06, 73.2, 50.66, 61.22, 51.91, 46.72], [73.39, 62.5, 103.06, 103.85, 102.17, 101.94, 102.92, 101.65, 71.42, 84.85, 47.37, 59.28, 51.37, 88.03, 44.37, 96.87], [101.15, 101.87, 101.58, 101.77, 101.96, 101.18, 102.98, 102.37, 81.4, 82.57, 75.25, 84.77, 49.62, 51.74, 53.07, 17.64], [82.66, 101.47, 100.97, 98.7, 102.52, 102.08, 101.87, 102.85, 101.86, 69.74, 79.63, 99.62, 64.54, 57.0, 54.31, 68.71], [73.87, 102.2, 97.6, 99.4, 103.43, 101.01, 101.84, 101.8, 87.15, 50.84, 52.24, 95.34, 50.59, 12.54, 58.04, 44.89], [102.55, 86.61, 101.67, 102.08, 101.03, 101.49, 101.38, 103.21, 78.8, 72.78, 69.7, 39.94, 72.12, 49.59, 37.5, 50.05]], "topScore": 106.29156507296068, "topRobot": [[3.0, 4.0, 3.0, 3.0, 4.0], [2.0, 4.0, 3.0, 0.0, 1.0], [3.0, 4.0, 0.0, 0.0, 0.0], [3.0, 1.0, 1.0, 3.0, 1.0], [0.0, 0.0, 2.0, 2.0, 4.0]], "topGenes": [[[1.0, 1.0, 1.0, 1.0, 1.0], [1.0, 1.0, 1.0, 1.0, 1.0], [1.0, 0.0, 0.0, 0.0, 0.0], [1.0, 0.0, 1.0, 1.0, 0.0], [0.0, 0.0, 0.0, 1.0, 1.0]], [[6.17, 5.84, -3.63, -5.48, 3.78], [3.38, -5.72, 6.04, -5.31, -1.16], [4.21, -1.53, 1.2, -0.41000000000000003, -2.5], [-6.14, 1.45, -0.42, 2.99, 5.82], [-2.26, 1.2, -5.94, -3.48, -0.81]], [[4.48, 4.41, 2.69, -2.7, -5.17], [-2.59, 1.44, 4.45, -2.39, -3.8], [-5.75, 5.970000000000001, 1.81, 5.53, -3.3], [0.61, -6.03, 1.6, 2.4, 2.21], [1.16, -1.64, 3.42, -2.39, -3.93]], [[5.39, -4.23, 0.87, 0.92, 6.15], [-4.39, -5.72, -2.12, 6.26, -5.89], [-4.32, 5.76, 0.25, 1.51, 2.77], [-0.59, 1.0, -5.53, -1.2400000000000002, -5.52], [-0.55, -2.35, -1.54, 2.95, -3.28]]], "topRobotLocation": [7, 1], "env_1_BestScorer": [[[3.0, 4.0, 3.0, 3.0, 4.0], [2.0, 4.0, 3.0, 0.0, 1.0], [3.0, 4.0, 0.0, 0.0, 0.0], [3.0, 1.0, 1.0, 3.0, 1.0], [0.0, 0.0, 2.0, 2.0, 4.0]], [[[1.0, 1.0, 1.0, 1.0, 1.0], [1.0, 1.0, 1.0, 1.0, 1.0], [1.0, 0.0, 0.0, 0.0, 0.0], [1.0, 0.0, 1.0, 1.0, 0.0], [0.0, 0.0, 0.0, 1.0, 1.0]], [[6.17, 5.84, -3.63, -5.48, 3.78], [3.38, -5.72, 6.04, -5.31, -1.16], [4.21, -1.53, 1.2, -0.41000000000000003, -2.5], [-6.14, 1.45, -0.42, 2.99, 5.82], [-2.26, 1.2, -5.94, -3.48, -0.81]], [[4.48, 4.41, 2.69, -2.7, -5.17], [-2.59, 1.44, 4.45, -2.39, -3.8], [-5.75, 5.970000000000001, 1.81, 5.53, -3.3], [0.61, -6.03, 1.6, 2.4, 2.21], [1.16, -1.64, 3.42, -2.39, -3.93]], [[5.39, -4.23, 0.87, 0.92, 6.15], [-4.39, -5.72, -2.12, 6.26, -5.89], [-4.32, 5.76, 0.25, 1.51, 2.77], [-0.59, 1.0, -5.53, -1.2400000000000002, -5.52], [-0.55, -2.35, -1.54, 2.95, -3.28]]]], "env_2_BestScorer": [[[3.0, 4.0, 3.0, 3.0, 4.0], [2.0, 4.0, 3.0, 0.0, 1.0], [3.0, 4.0, 0.0, 0.0, 0.0], [4.0, 1.0, 2.0, 3.0, 1.0], [0.0, 0.0, 2.0, 2.0, 4.0]], [[[0.0, 1.0, 1.0, 1.0, 1.0], [0.0, 1.0, 1.0, 1.0, 1.0], [1.0, 0.0, 1.0, 1.0, 0.0], [1.0, 0.0, 1.0, 0.0, 0.0], [0.0, 0.0, 0.0, 1.0, 1.0]], [[6.17, 5.84, -3.63, -5.66, 3.78], [3.38, -5.72, 6.04, -5.31, -1.16], [4.21, -1.53, 1.2, 0.09, -2.5], [-6.14, 1.45, -0.42, 2.99, 5.82], [-2.26, 1.2, -5.94, -3.48, -0.81]], [[4.48, 4.53, 2.69, -2.7, -5.17], [-2.59, 1.44, 4.45, -2.39, -3.8], [-5.55, 4.98, 1.81, 5.53, -3.3], [0.61, -6.03, 1.6, 3.58, 2.21], [1.16, -1.64, 3.42, -2.39, -3.93]], [[5.39, -4.23, 0.87, 0.92, 6.15], [-4.39, -6.4799999999999995, -2.12, 6.26, -5.89], [-3.54, 5.76, 0.76, 1.51, 2.77], [0.14, 0.6599999999999999, -5.53, -2.43, -5.52], [-0.55, -2.35, -1.54, 2.95, -3.28]]]], "failureRateWorldData": [[16, 17], [15, 18], [16, 15], [18, 15], [20, 15], [11, 13], [13, 20], [13, 14], [19, 17], [13, 19], [16, 9], [14, 17], [21, 18], [11, 19], [15, 17], [18, 13]], "avgNewFitness": [31.582865169098167, 37.11528480593685, 61.04782018141126, 52.18029151307686, 53.7429215429228, 51.162541593405074, 73.13460450021117, 66.49554683494874, 26.00873796853936, 26.18689788266214, 29.01359515838505, 35.684999573615315, 30.793799596570903, 22.932514246204846, 29.990661086242714, 18.314494755421315], "avgFitnessDiff": [-67.45018210053107, -62.45251680278615, -38.507165875203285, -49.824410183357344, -48.22936024751798, -50.71547454176743, -28.82195697210755, -27.352015488146183, -53.813081661917586, -44.46654930695288, -44.90955992609764, -30.63468573452895, -26.92632173488431, -32.505872072183614, -22.283919253608932, -34.714449922592195]}