{"round": 220, "totalRobots": 256, "totalDeadRobots": 3205, "bestScoreWorld": [[102.52, 104.56, 104.8, 102.21, 101.86, 106.54, 102.59, 102.44, 100.98, 64.12, 97.87, 85.02, 65.09, 76.43, 54.51, 63.81], [102.95, 103.06, 103.3, 102.98, 101.73, 102.29, 101.56, 106.29, 70.83, 83.1, 83.5, 100.99, 101.17, 101.24, 53.63, 100.6], [103.0, 102.68, 102.14, 103.11, 102.78, 102.04, 102.95, 102.25, 88.09, 85.84, 89.26, 100.94, 63.11, 65.75, 66.25, 61.28], [101.84, 101.92, 102.95, 102.58, 102.96, 101.62, 104.26, 103.57, 72.87, 91.89, 75.45, 63.4, 68.58, 50.06, 62.57, 62.35], [102.26, 103.68, 102.77, 103.78, 102.47, 103.42, 101.64, 103.05, 93.9, 100.75, 101.34, 77.99, 57.53, 62.41, 59.04, 48.02], [101.79, 102.9, 102.15, 102.61, 104.27, 104.91, 103.31, 102.56, 65.34, 57.5, 61.53, 82.56, 70.93, 62.34, 53.85, 57.27], [103.21, 103.66, 103.91, 101.47, 103.51, 102.24, 102.4, 103.19, 82.68, 101.4, 95.24, 56.93, 66.24, 59.75, 72.95, 60.48], [102.89, 105.07, 104.26, 102.79, 104.64, 106.87, 104.41, 102.85, 80.93, 90.06, 75.51, 66.02, 101.41, 60.61, 61.75, 56.99], [104.08, 102.21, 103.4, 102.06, 102.05, 105.21, 102.07, 102.5, 55.93, 70.0, 100.67, 59.29, 57.13, 70.45, 54.93, 73.77], [101.77, 101.06, 105.79, 102.77, 103.46, 101.82, 102.16, 102.53, 100.63, 85.98, 54.74, 53.67, 63.21, 57.39, 62.15, 97.24], [102.45, 102.66, 102.83, 102.88, 102.85, 102.59, 104.05, 101.43, 66.64, 102.53, 64.06, 73.2, 57.13, 80.02, 51.91, 61.7], [103.44, 101.77, 103.06, 103.85, 102.17, 103.04, 102.92, 101.65, 71.42, 89.74, 52.92, 82.15, 83.33, 88.03, 76.62, 96.87], [103.11, 101.88, 103.75, 101.77, 102.39, 101.81, 102.98, 102.37, 90.4, 82.57, 75.25, 84.77, 92.01, 82.47, 102.72, 22.07], [102.5, 101.47, 102.19, 102.52, 102.52, 102.08, 101.87, 102.85, 101.86, 81.66, 97.67, 99.62, 95.93, 94.27, 82.56, 78.59], [101.8, 102.62, 102.63, 102.33, 103.43, 101.7, 104.37, 102.43, 87.15, 99.99, 84.06, 95.34, 73.88, 12.91, 58.28, 58.82], [102.55, 101.49, 102.53, 102.15, 102.51, 103.06, 104.06, 103.21, 86.85, 101.27, 76.29, 62.43, 76.86, 88.96, 52.92, 57.87]], "topScore": 106.87057504799972, "topRobot": [[3.0, 4.0, 3.0, 3.0, 4.0], [2.0, 4.0, 3.0, 0.0, 1.0], [3.0, 4.0, 0.0, 0.0, 0.0], [4.0, 1.0, 2.0, 3.0, 1.0], [0.0, 0.0, 2.0, 2.0, 4.0]], "topGenes": [[[1.0, 0.0, 1.0, 1.0, 1.0], [0.0, 1.0, 1.0, 1.0, 1.0], [1.0, 0.0, 0.0, 1.0, 0.0], [1.0, 0.0, 1.0, 0.0, 0.0], [0.0, 0.0, 0.0, 1.0, 1.0]], [[5.8, 5.84, -3.63, -5.48, 3.78], [3.38, -5.31, 6.04, -5.31, -1.16], [4.0200000000000005, -1.53, 1.2, 0.09, -2.5], [-6.14, 1.45, 0.0, 2.99, 5.82], [-2.26, 1.2, -5.94, -3.48, -0.81]], [[4.48, 4.53, 2.69, -2.7, -5.17], [-2.59, 1.44, 4.45, -1.96, -3.8], [-5.75, 4.98, 1.81, 5.53, -3.3], [0.61, -6.03, 1.6, 2.6, 2.21], [1.16, -1.64, 3.42, -2.39, -3.93]], [[5.39, -4.23, 0.87, 0.92, 6.15], [-4.39, -5.72, -2.12, 6.26, -5.89], [-3.58, 5.76, 0.42000000000000004, 1.51, 2.77], [-0.59, 1.0, -5.53, -1.2400000000000002, -5.52], [-0.55, -2.35, -1.54, 2.95, -3.28]]], "topRobotLocation": [5, 7], "env_1_BestScorer": [[[3.0, 4.0, 3.0, 3.0, 4.0], [2.0, 4.0, 3.0, 0.0, 1.0], [3.0, 4.0, 0.0, 0.0, 0.0], [4.0, 1.0, 2.0, 3.0, 1.0], [0.0, 0.0, 2.0, 2.0, 4.0]], [[[1.0, 0.0, 1.0, 1.0, 1.0], [0.0, 1.0, 1.0, 1.0, 1.0], [1.0, 0.0, 0.0, 1.0, 0.0], [1.0, 0.0, 1.0, 0.0, 0.0], [0.0, 0.0, 0.0, 1.0, 1.0]], [[5.8, 5.84, -3.63, -5.48, 3.78], [3.38, -5.31, 6.04, -5.31, -1.16], [4.0200000000000005, -1.53, 1.2, 0.09, -2.5], [-6.14, 1.45, 0.0, 2.99, 5.82], [-2.26, 1.2, -5.94, -3.48, -0.81]], [[4.48, 4.53, 2.69, -2.7, -5.17], [-2.59, 1.44, 4.45, -1.96, -3.8], [-5.75, 4.98, 1.81, 5.53, -3.3], [0.61, -6.03, 1.6, 2.6, 2.21], [1.16, -1.64, 3.42, -2.39, -3.93]], [[5.39, -4.23, 0.87, 0.92, 6.15], [-4.39, -5.72, -2.12, 6.26, -5.89], [-3.58, 5.76, 0.42000000000000004, 1.51, 2.77], [-0.59, 1.0, -5.53, -1.2400000000000002, -5.52], [-0.55, -2.35, -1.54, 2.95, -3.28]]]], "env_2_BestScorer": [[[3.0, 4.0, 3.0, 3.0, 4.0], [3.0, 4.0, 3.0, 0.0, 1.0], [3.0, 4.0, 0.0, 0.0, 0.0], [4.0, 1.0, 1.0, 3.0, 1.0], [0.0, 0.0, 2.0, 2.0, 4.0]], [[[1.0, 1.0, 1.0, 1.0, 1.0], [0.0, 1.0, 1.0, 1.0, 1.0], [0.0, 0.0, 0.0, 1.0, 0.0], [1.0, 0.0, 1.0, 1.0, 0.0], [0.0, 0.0, 0.0, 1.0, 1.0]], [[6.17, 5.84, -3.63, -5.48, 3.78], [3.38, -5.72, 5.76, -5.31, -1.16], [4.62, -1.53, 1.7799999999999998, 0.09, -2.5], [-5.489999999999999, 1.45, -0.42, 2.99, 5.82], [-2.26, 1.2, -5.94, -3.48, -0.81]], [[4.95, 4.6000000000000005, 2.69, -3.14, -5.17], [-2.59, 1.44, 4.03, -2.39, -3.8], [-5.75, 4.98, 1.81, 5.53, -3.3], [0.61, -7.0200000000000005, 0.7800000000000001, 2.6, 2.21], [1.16, -1.64, 3.42, -2.39, -3.93]], [[5.39, -5.140000000000001, 0.87, 0.92, 6.15], [-4.43, -5.72, -2.89, 6.26, -5.89], [-4.32, 5.76, 0.25, 1.51, 2.77], [-0.59, 1.0, -6.710000000000001, -1.2400000000000002, -5.52], [-0.55, -2.35, -1.54, 2.95, -3.28]]]], "failureRateWorldData": [[14, 13], [19, 20], [14, 15], [22, 11], [7, 24], [16, 13], [21, 17], [8, 12], [22, 17], [17, 20], [19, 12], [13, 18], [14, 20], [14, 11], [16, 16], [16, 17]], "avgNewFitness": [56.55803970045092, 57.093921275982986, 66.5412949771455, 63.81105070978243, 63.28515800347782, 73.2096604809872, 53.736708617938355, 54.61886332793509, 20.970527929072155, 31.91293373477543, 27.58618840626809, 27.726781389015144, 29.352334680155746, 31.17482680293166, 24.342316323455105, 30.793666208222074], "avgFitnessDiff": [-46.132233455383165, -45.61218319242961, -36.46365080034231, -39.22462659177007, -39.57189909336579, -29.942315779960783, -48.77555707910944, -44.465345442259256, -72.29580421166281, -51.07075528409816, -51.884921976759095, -47.25183229749702, -45.12026091946765, -40.01880255318915, -40.74185708943368, -33.78357234249057]}