{"round": 520, "totalRobots": 256, "totalDeadRobots": 3687, "bestScoreWorld": [[103.45, 105.11, 104.8, 104.25, 104.12, 106.54, 102.66, 102.73, 100.98, 97.54, 100.9, 85.02, 66.93, 101.07, 61.76, 101.9], [102.95, 103.06, 104.08, 103.05, 101.79, 103.57, 102.8, 106.29, 89.9, 101.23, 100.72, 101.67, 101.28, 101.24, 99.86, 101.92], [103.48, 103.24, 102.14, 104.93, 103.44, 102.15, 103.73, 102.8, 102.25, 101.07, 102.13, 102.03, 64.09, 73.6, 100.96, 99.49], [104.42, 102.2, 104.34, 102.78, 104.9, 103.25, 104.26, 103.57, 100.27, 97.93, 88.89, 101.0, 68.58, 101.09, 98.39, 95.35], [102.97, 104.89, 103.08, 104.47, 105.19, 105.59, 103.3, 104.19, 97.7, 101.02, 101.34, 102.04, 96.35, 100.51, 99.59, 89.24], [103.0, 103.2, 102.97, 103.09, 104.27, 106.13, 104.67, 103.03, 97.18, 57.5, 72.1, 99.54, 100.68, 96.31, 101.5, 83.33], [103.21, 104.31, 104.45, 101.98, 103.51, 105.11, 103.65, 106.42, 91.38, 101.4, 100.52, 73.25, 91.41, 84.17, 101.24, 92.18], [102.89, 106.57, 105.25, 104.76, 104.77, 106.87, 104.41, 102.85, 84.09, 94.67, 100.96, 100.87, 101.41, 101.06, 71.58, 80.34], [104.26, 103.3, 104.47, 103.8, 102.05, 105.77, 102.21, 104.12, 73.36, 100.83, 100.67, 87.37, 101.55, 101.13, 95.98, 79.68], [101.96, 102.02, 105.79, 103.57, 103.46, 102.16, 104.22, 102.64, 100.63, 101.09, 81.4, 101.48, 95.93, 86.6, 93.2, 101.03], [103.16, 102.66, 103.22, 104.17, 103.37, 102.59, 104.48, 102.25, 103.36, 102.53, 101.09, 81.16, 94.17, 99.49, 92.04, 101.55], [103.58, 105.24, 103.83, 104.52, 102.96, 103.91, 102.92, 102.47, 89.27, 103.92, 66.64, 103.29, 94.61, 88.03, 86.23, 99.68], [105.54, 104.15, 105.52, 102.77, 106.16, 104.2, 103.6, 102.8, 93.02, 90.31, 83.83, 86.72, 100.78, 97.29, 102.72, 41.46], [103.84, 106.45, 103.91, 106.52, 102.99, 102.63, 102.27, 104.38, 101.86, 100.82, 101.63, 102.23, 100.96, 102.11, 91.69, 99.06], [102.14, 103.06, 104.1, 103.66, 104.21, 102.52, 104.86, 103.25, 101.07, 100.62, 101.03, 99.0, 101.76, 59.98, 85.89, 91.15], [102.55, 102.09, 103.29, 102.91, 102.51, 106.34, 104.06, 104.49, 102.01, 101.27, 102.19, 94.77, 90.06, 93.78, 101.91, 69.85]], "topScore": 106.87057504799972, "topRobot": [[3.0, 4.0, 3.0, 3.0, 4.0], [2.0, 4.0, 3.0, 0.0, 1.0], [3.0, 4.0, 0.0, 0.0, 0.0], [4.0, 1.0, 2.0, 3.0, 1.0], [0.0, 0.0, 2.0, 2.0, 4.0]], "topGenes": [[[1.0, 0.0, 1.0, 1.0, 1.0], [0.0, 1.0, 1.0, 1.0, 1.0], [1.0, 0.0, 0.0, 1.0, 0.0], [1.0, 0.0, 1.0, 0.0, 0.0], [0.0, 0.0, 0.0, 1.0, 1.0]], [[5.8, 5.84, -3.63, -5.48, 3.78], [3.38, -5.31, 6.04, -5.31, -1.16], [4.0200000000000005, -1.53, 1.2, 0.09, -2.5], [-6.14, 1.45, 0.0, 2.99, 5.82], [-2.26, 1.2, -5.94, -3.48, -0.81]], [[4.48, 4.53, 2.69, -2.7, -5.17], [-2.59, 1.44, 4.45, -1.96, -3.8], [-5.75, 4.98, 1.81, 5.53, -3.3], [0.61, -6.03, 1.6, 2.6, 2.21], [1.16, -1.64, 3.42, -2.39, -3.93]], [[5.39, -4.23, 0.87, 0.92, 6.15], [-4.39, -5.72, -2.12, 6.26, -5.89], [-3.58, 5.76, 0.42000000000000004, 1.51, 2.77], [-0.59, 1.0, -5.53, -1.2400000000000002, -5.52], [-0.55, -2.35, -1.54, 2.95, -3.28]]], "topRobotLocation": [5, 7], "env_1_BestScorer": [[[3.0, 4.0, 3.0, 3.0, 4.0], [2.0, 4.0, 3.0, 0.0, 1.0], [3.0, 4.0, 0.0, 0.0, 0.0], [4.0, 1.0, 2.0, 3.0, 1.0], [0.0, 0.0, 2.0, 2.0, 4.0]], [[[1.0, 0.0, 1.0, 1.0, 1.0], [0.0, 1.0, 1.0, 1.0, 1.0], [1.0, 0.0, 0.0, 1.0, 0.0], [1.0, 0.0, 1.0, 0.0, 0.0], [0.0, 0.0, 0.0, 1.0, 1.0]], [[5.8, 5.84, -3.63, -5.48, 3.78], [3.38, -5.31, 6.04, -5.31, -1.16], [4.0200000000000005, -1.53, 1.2, 0.09, -2.5], [-6.14, 1.45, 0.0, 2.99, 5.82], [-2.26, 1.2, -5.94, -3.48, -0.81]], [[4.48, 4.53, 2.69, -2.7, -5.17], [-2.59, 1.44, 4.45, -1.96, -3.8], [-5.75, 4.98, 1.81, 5.53, -3.3], [0.61, -6.03, 1.6, 2.6, 2.21], [1.16, -1.64, 3.42, -2.39, -3.93]], [[5.39, -4.23, 0.87, 0.92, 6.15], [-4.39, -5.72, -2.12, 6.26, -5.89], [-3.58, 5.76, 0.42000000000000004, 1.51, 2.77], [-0.59, 1.0, -5.53, -1.2400000000000002, -5.52], [-0.55, -2.35, -1.54, 2.95, -3.28]]]], "env_2_BestScorer": [[[3.0, 4.0, 3.0, 3.0, 4.0], [2.0, 4.0, 3.0, 0.0, 1.0], [3.0, 4.0, 0.0, 0.0, 0.0], [3.0, 1.0, 1.0, 3.0, 1.0], [0.0, 0.0, 2.0, 2.0, 4.0]], [[[0.0, 0.0, 0.0, 1.0, 1.0], [0.0, 1.0, 1.0, 1.0, 1.0], [0.0, 1.0, 1.0, 1.0, 0.0], [1.0, 0.0, 1.0, 1.0, 0.0], [0.0, 0.0, 0.0, 1.0, 1.0]], [[6.17, 5.84, -3.42, -5.48, 3.78], [3.38, -5.72, 6.04, -5.31, -1.16], [4.21, -1.53, 1.6199999999999999, 0.09, -2.5], [-6.779999999999999, 2.3899999999999997, -0.21999999999999997, 2.99, 5.82], [-2.26, 1.2, -5.94, -3.48, -0.81]], [[4.48, 4.53, 2.69, -2.7, -5.17], [-2.59, 1.44, 4.45, -2.39, -3.8], [-6.27, 4.8500000000000005, 1.81, 5.53, -3.3], [0.61, -6.03, 1.6, 1.9700000000000002, 2.21], [1.16, -1.64, 3.42, -2.39, -3.93]], [[5.39, -4.23, 0.87, 0.92, 6.15], [-4.39, -6.4799999999999995, -2.12, 6.26, -5.89], [-2.69, 4.81, 0.97, 1.51, 2.77], [0.27, 1.0, -5.53, -1.85, -5.52], [-0.55, -2.35, -1.54, 2.95, -3.28]]]], "failureRateWorldData": [[16, 14], [16, 16], [16, 18], [20, 12], [10, 21], [19, 19], [19, 14], [10, 17], [17, 13], [15, 22], [15, 10], [21, 14], [12, 22], [16, 11], [19, 20], [15, 13]], "avgNewFitness": [59.56899098039431, 58.63372205446147, 53.89307987030976, 55.95177922123046, 36.80143521319114, 39.59851241233263, 54.37159570175925, 67.79852809484841, 26.239104979098578, 28.430017511237917, 22.30187583814247, 17.87418372511574, 20.19226713138954, 25.130733018520473, 28.68070029271172, 33.059975265022224], "avgFitnessDiff": [-43.81550435442246, -44.82223880009348, -50.21553440125841, -47.82185354484002, -67.23791281926373, -64.32735574677261, -49.49160266093014, -34.41751277888776, -72.88316403153597, -66.38146945749313, -71.18969431071898, -74.55631423394665, -72.19511283897197, -69.10752176981939, -68.18496060627469, -50.2682826774776]}