{"round": 10, "totalRobots": 65, "totalDeadRobots": 32, "bestScoreWorld": [[5.86, 6.15, 6.15, 5.86, 6.15, 5.86, 5.86, 5.86, 5.79, 5.79, -100, -100, -100, -100, -100, -100], [5.86, 6.13, 6.15, 5.86, 6.15, 5.86, 5.86, 5.86, 5.79, -100, -100, -100, -100, -100, -100, -100], [5.86, 5.86, 5.86, 5.86, 5.86, 5.86, 5.86, 5.86, 5.79, -100, -100, -100, -100, -100, -100, -100], [5.86, 5.86, 5.86, 5.95, 5.95, 5.95, 5.86, 4.87, -100, -100, -100, -100, -100, -100, -100, -100], [5.86, 5.65, 5.86, 5.86, 5.54, 5.54, 5.86, 5.22, -100, -100, -100, -100, -100, -100, -100, -100], [5.43, 6.38, 5.2, 9.5, 3.96, 4.08, 6.08, 4.08, -100, -100, -100, -100, -100, -100, -100, -100], [5.86, 5.31, 4.75, 4.71, 5.88, 0.94, -100, -100, -100, -100, -100, -100, -100, -100, -100, -100], [5.2, 5.82, 5.21, 5.21, 5.38, -100, -100, -100, -100, -100, -100, -100, -100, -100, -100, -100], [5.86, 4.66, -100, -100, -100, -100, -100, -100, -100, -100, -100, -100, -100, -100, -100, -100], [-100, -100, -100, -100, -100, -100, -100, -100, -100, -100, -100, -100, -100, -100, -100, -100], [-100, -100, -100, -100, -100, -100, -100, -100, -100, -100, -100, -100, -100, -100, -100, -100], [-100, -100, -100, -100, -100, -100, -100, -100, -100, -100, -100, -100, -100, -100, -100, -100], [-100, -100, -100, -100, -100, -100, -100, -100, -100, -100, -100, -100, -100, -100, -100, -100], [-100, -100, -100, -100, -100, -100, -100, -100, -100, -100, -100, -100, -100, -100, -100, -100], [-100, -100, -100, -100, -100, -100, -100, -100, -100, -100, -100, -100, -100, -100, -100, -100], [-100, -100, -100, -100, -100, -100, -100, -100, -100, -100, -100, -100, -100, -100, -100, -100]], "topScore": 9.495971373785126, "topRobot": [[0.0, 4.0, 1.0, 3.0, 4.0], [2.0, 4.0, 3.0, 3.0, 1.0], [4.0, 3.0, 0.0, 0.0, 0.0], [4.0, 1.0, 2.0, 0.0, 1.0], [0.0, 0.0, 2.0, 2.0, 4.0]], "topGenes": [[[1.0, 1.0, 1.0, 1.0, 1.0], [0.0, 1.0, 1.0, 1.0, 1.0], [1.0, 0.0, 0.0, 1.0, 0.0], [1.0, 0.0, 1.0, 1.0, 0.0], [0.0, 0.0, 0.0, 1.0, 1.0]], [[6.17, 5.84, -3.63, -5.48, 3.78], [3.38, -5.72, 6.04, -5.31, -1.16], [4.62, -1.53, 1.2, 0.09, -2.5], [-6.14, 1.45, -0.42, 2.99, 5.82], [-2.26, 1.2, -5.94, -3.48, -0.81]], [[4.48, 4.53, 2.69, -2.7, -5.17], [-2.59, 1.44, 4.45, -2.39, -3.8], [-5.75, 4.98, 1.81, 5.53, -3.3], [0.61, -6.03, 1.6, 2.6, 2.21], [1.16, -1.64, 3.42, -2.39, -3.93]], [[5.39, -4.23, 0.87, 0.06000000000000005, 6.15], [-4.39, -5.72, -2.14, 6.26, -5.89], [-4.32, 5.76, 0.25, 1.51, 2.77], [-0.59, 1.0, -5.53, -1.2400000000000002, -5.52], [-0.55, -2.35, -1.54, 2.95, -3.28]]], "topRobotLocation": [3, 5], "env_1_BestScorer": [[[0.0, 4.0, 1.0, 3.0, 4.0], [2.0, 4.0, 3.0, 3.0, 1.0], [4.0, 3.0, 0.0, 0.0, 0.0], [4.0, 1.0, 2.0, 0.0, 1.0], [0.0, 0.0, 2.0, 2.0, 4.0]], [[[1.0, 1.0, 1.0, 1.0, 1.0], [0.0, 1.0, 1.0, 1.0, 1.0], [1.0, 0.0, 0.0, 1.0, 0.0], [1.0, 0.0, 1.0, 1.0, 0.0], [0.0, 0.0, 0.0, 1.0, 1.0]], [[6.17, 5.84, -3.63, -5.48, 3.78], [3.38, -5.72, 6.04, -5.31, -1.16], [4.62, -1.53, 1.2, 0.09, -2.5], [-6.14, 1.45, -0.42, 2.99, 5.82], [-2.26, 1.2, -5.94, -3.48, -0.81]], [[4.48, 4.53, 2.69, -2.7, -5.17], [-2.59, 1.44, 4.45, -2.39, -3.8], [-5.75, 4.98, 1.81, 5.53, -3.3], [0.61, -6.03, 1.6, 2.6, 2.21], [1.16, -1.64, 3.42, -2.39, -3.93]], [[5.39, -4.23, 0.87, 0.06000000000000005, 6.15], [-4.39, -5.72, -2.14, 6.26, -5.89], [-4.32, 5.76, 0.25, 1.51, 2.77], [-0.59, 1.0, -5.53, -1.2400000000000002, -5.52], [-0.55, -2.35, -1.54, 2.95, -3.28]]]], "env_2_BestScorer": [[[0.0, 4.0, 1.0, 3.0, 4.0], [2.0, 4.0, 0.0, 3.0, 1.0], [4.0, 4.0, 0.0, 0.0, 0.0], [4.0, 1.0, 2.0, 0.0, 1.0], [0.0, 0.0, 2.0, 2.0, 4.0]], [[[1.0, 1.0, 1.0, 1.0, 1.0], [0.0, 0.0, 1.0, 1.0, 1.0], [1.0, 0.0, 0.0, 1.0, 0.0], [1.0, 0.0, 1.0, 1.0, 0.0], [0.0, 0.0, 0.0, 1.0, 1.0]], [[6.17, 6.54, -3.63, -5.48, 3.78], [3.38, -5.72, 6.04, -5.31, -1.16], [4.62, -1.53, 1.2, 0.09, -2.5], [-6.91, 1.45, -0.42, 2.99, 5.82], [-2.26, 1.2, -5.94, -3.48, -0.81]], [[4.48, 4.53, 2.69, -2.7, -5.17], [-2.59, 1.44, 4.45, -2.39, -3.8], [-5.75, 4.98, 1.81, 5.53, -3.3], [0.61, -6.03, 1.6, 2.6, 2.21], [1.16, -1.64, 3.42, -2.39, -3.93]], [[5.39, -4.23, 0.87, 0.92, 6.15], [-4.39, -5.72, -2.2800000000000002, 6.26, -5.89], [-4.32, 5.76, 0.25, 1.51, 2.77], [0.27, 1.0, -5.53, -1.2400000000000002, -5.52], [-0.55, -2.35, -1.54, 2.95, -3.28]]]], "failureRateWorldData": [[6, 4], [9, 13], [9, 5], [4, 10], [4, 7], [4, 6], [1, 1], [1, 5], [0, 3], [0, 1], [0, 0], [0, 0], [0, 0], [0, 0], [0, 0], [0, 0]], "avgNewFitness": [5.663281478559519, 5.638022384164931, 4.851408496213414, 5.177191865979993, 5.455643324167752, 4.968359048261599, 5.858778316794664, 5.178045775639532, 5.785106388055044, 5.785106388055044, 0, 0, 0, 0, 0, 0], "avgFitnessDiff": [-0.03169743210813891, -0.04311279403152028, -0.8364239060397501, -0.2760143237268068, -0.40314750809834754, -0.6083137755305835, 0.0, -0.7255240457226829, -0.04911461915974691, 0.0, 0, 0, 0, 0, 0, 0]}