{"round": 120, "totalRobots": 256, "totalDeadRobots": 2663, "bestScoreWorld": [[96.31, 103.02, 102.68, 101.43, 96.29, 101.62, 99.35, 102.21, 58.94, 64.12, 84.78, 59.41, 58.43, 51.56, 37.65, 45.94], [102.46, 103.06, 103.3, 102.98, 101.44, 96.71, 101.56, 106.29, 66.92, 83.1, 61.66, 71.81, 61.22, 44.42, 51.13, 50.9], [103.0, 101.32, 102.14, 101.3, 101.55, 100.7, 102.36, 101.48, 54.82, 73.64, 63.7, 66.59, 54.28, 48.13, 57.73, 37.8], [101.83, 101.92, 102.05, 102.58, 102.53, 96.77, 102.61, 102.99, 66.81, 59.95, 59.04, 53.12, 54.73, 39.06, 62.57, 51.88], [101.66, 102.03, 101.17, 102.27, 102.03, 102.54, 90.65, 102.29, 93.9, 60.57, 52.54, 61.9, 55.88, 47.26, 58.12, 38.07], [101.79, 102.11, 102.15, 101.56, 103.86, 101.11, 102.44, 101.44, 59.03, 57.5, 61.53, 62.54, 70.93, 54.15, 44.84, 51.84], [101.03, 101.79, 102.38, 101.47, 97.74, 101.5, 101.46, 102.02, 62.8, 101.4, 93.16, 51.63, 51.8, 49.71, 46.44, 53.59], [102.22, 102.91, 103.19, 102.23, 104.64, 105.15, 102.11, 101.83, 58.41, 90.06, 60.79, 65.91, 88.28, 59.04, 43.5, 50.94], [101.54, 102.21, 103.4, 101.13, 101.19, 102.02, 101.26, 102.5, 38.94, 33.18, 55.04, 57.4, 55.28, 55.28, 46.76, 63.2], [101.61, 101.06, 104.18, 101.83, 103.46, 101.56, 101.94, 102.08, 100.63, 70.39, 47.88, 51.92, 46.87, 52.74, 50.75, 56.17], [101.39, 102.36, 101.37, 102.29, 102.27, 101.58, 104.05, 101.43, 66.33, 75.91, 48.04, 55.49, 50.37, 61.22, 51.91, 35.94], [73.39, 62.5, 100.61, 89.62, 100.24, 101.88, 101.54, 101.65, 71.42, 80.63, 37.81, 49.48, 51.37, 45.85, 41.02, 39.8], [91.88, 101.87, 66.4, 101.77, 101.66, 100.86, 102.98, 100.84, 81.4, 52.3, 75.25, 39.29, 37.94, 40.93, 39.43, 12.46], [82.66, 66.1, 100.97, 96.19, 102.52, 102.08, 101.87, 101.46, 90.35, 69.74, 46.53, 99.62, 64.54, 47.69, 44.64, 68.71], [73.65, 102.19, 96.44, 85.39, 103.43, 101.01, 101.65, 101.8, 52.77, 40.36, 51.28, 64.62, 33.31, 12.22, 58.04, 44.71], [102.55, 73.76, 77.92, 101.52, 101.03, 101.17, 101.38, 103.21, 78.8, 72.78, 46.1, 39.94, 54.69, 49.59, 37.5, 40.31]], "topScore": 106.29156507296068, "topRobot": [[3.0, 4.0, 3.0, 3.0, 4.0], [2.0, 4.0, 3.0, 0.0, 1.0], [3.0, 4.0, 0.0, 0.0, 0.0], [3.0, 1.0, 1.0, 3.0, 1.0], [0.0, 0.0, 2.0, 2.0, 4.0]], "topGenes": [[[1.0, 1.0, 1.0, 1.0, 1.0], [1.0, 1.0, 1.0, 1.0, 1.0], [1.0, 0.0, 0.0, 0.0, 0.0], [1.0, 0.0, 1.0, 1.0, 0.0], [0.0, 0.0, 0.0, 1.0, 1.0]], [[6.17, 5.84, -3.63, -5.48, 3.78], [3.38, -5.72, 6.04, -5.31, -1.16], [4.21, -1.53, 1.2, -0.41000000000000003, -2.5], [-6.14, 1.45, -0.42, 2.99, 5.82], [-2.26, 1.2, -5.94, -3.48, -0.81]], [[4.48, 4.41, 2.69, -2.7, -5.17], [-2.59, 1.44, 4.45, -2.39, -3.8], [-5.75, 5.970000000000001, 1.81, 5.53, -3.3], [0.61, -6.03, 1.6, 2.4, 2.21], [1.16, -1.64, 3.42, -2.39, -3.93]], [[5.39, -4.23, 0.87, 0.92, 6.15], [-4.39, -5.72, -2.12, 6.26, -5.89], [-4.32, 5.76, 0.25, 1.51, 2.77], [-0.59, 1.0, -5.53, -1.2400000000000002, -5.52], [-0.55, -2.35, -1.54, 2.95, -3.28]]], "topRobotLocation": [7, 1], "env_1_BestScorer": [[[3.0, 4.0, 3.0, 3.0, 4.0], [2.0, 4.0, 3.0, 0.0, 1.0], [3.0, 4.0, 0.0, 0.0, 0.0], [3.0, 1.0, 1.0, 3.0, 1.0], [0.0, 0.0, 2.0, 2.0, 4.0]], [[[1.0, 1.0, 1.0, 1.0, 1.0], [1.0, 1.0, 1.0, 1.0, 1.0], [1.0, 0.0, 0.0, 0.0, 0.0], [1.0, 0.0, 1.0, 1.0, 0.0], [0.0, 0.0, 0.0, 1.0, 1.0]], [[6.17, 5.84, -3.63, -5.48, 3.78], [3.38, -5.72, 6.04, -5.31, -1.16], [4.21, -1.53, 1.2, -0.41000000000000003, -2.5], [-6.14, 1.45, -0.42, 2.99, 5.82], [-2.26, 1.2, -5.94, -3.48, -0.81]], [[4.48, 4.41, 2.69, -2.7, -5.17], [-2.59, 1.44, 4.45, -2.39, -3.8], [-5.75, 5.970000000000001, 1.81, 5.53, -3.3], [0.61, -6.03, 1.6, 2.4, 2.21], [1.16, -1.64, 3.42, -2.39, -3.93]], [[5.39, -4.23, 0.87, 0.92, 6.15], [-4.39, -5.72, -2.12, 6.26, -5.89], [-4.32, 5.76, 0.25, 1.51, 2.77], [-0.59, 1.0, -5.53, -1.2400000000000002, -5.52], [-0.55, -2.35, -1.54, 2.95, -3.28]]]], "env_2_BestScorer": [[[3.0, 4.0, 3.0, 3.0, 4.0], [2.0, 4.0, 3.0, 0.0, 1.0], [3.0, 4.0, 0.0, 0.0, 0.0], [4.0, 1.0, 2.0, 3.0, 1.0], [0.0, 0.0, 2.0, 2.0, 4.0]], [[[0.0, 0.0, 1.0, 1.0, 1.0], [0.0, 1.0, 1.0, 0.0, 1.0], [1.0, 1.0, 0.0, 1.0, 0.0], [1.0, 0.0, 1.0, 1.0, 0.0], [0.0, 0.0, 0.0, 1.0, 1.0]], [[6.17, 5.84, -3.42, -5.48, 3.78], [3.38, -5.72, 6.04, -5.31, -1.16], [4.21, -1.53, 1.2, -0.28, -2.5], [-6.14, 1.45, -0.009999999999999898, 2.99, 5.82], [-2.26, 1.2, -5.94, -3.48, -0.81]], [[4.48, 4.53, 2.69, -2.7, -5.17], [-2.59, 1.44, 4.45, -2.39, -3.8], [-5.17, 4.98, 1.81, 5.53, -3.3], [0.61, -6.03, 1.6, 2.6, 2.21], [1.16, -1.64, 3.42, -2.39, -3.93]], [[5.39, -4.23, 0.87, 0.92, 6.15], [-4.39, -6.4799999999999995, -2.12, 6.26, -5.89], [-4.32, 5.76, 0.25, 1.51, 2.77], [1.08, 0.6599999999999999, -6.12, -1.0, -5.52], [-0.55, -2.35, -1.54, 2.95, -3.28]]]], "failureRateWorldData": [[11, 13], [20, 23], [12, 10], [15, 17], [18, 15], [9, 19], [21, 18], [15, 16], [16, 12], [20, 16], [13, 15], [12, 18], [15, 17], [17, 15], [21, 20], [7, 12]], "avgNewFitness": [47.70623237972945, 60.06654556322429, 43.300481525903166, 50.233429088024366, 40.115137462709036, 54.95158739036361, 62.09527477742678, 49.327325465012734, 25.13728047057016, 25.59632919146507, 19.293991886874075, 22.41640964189152, 22.103235146173912, 25.03385029370462, 22.13221059573984, 23.179731470401524], "avgFitnessDiff": [-49.730084773004634, -37.373366114559836, -49.40099937054811, -50.14055302448382, -60.33006508395722, -46.54911163241277, -39.36800067529682, -38.64986835113527, -49.58819392885771, -39.118214795542386, -47.31197178069901, -33.70868913675095, -29.03523970742615, -28.479793261555827, -23.31469332544225, -27.19783102377757]}