{"round": 100, "totalRobots": 256, "totalDeadRobots": 2423, "bestScoreWorld": [[96.31, 87.4, 102.68, 100.59, 81.59, 101.62, 90.57, 102.21, 55.27, 64.12, 49.12, 47.69, 45.53, 50.14, 37.65, 44.81], [102.45, 102.99, 101.45, 91.2, 100.72, 78.11, 95.51, 102.8, 66.92, 47.28, 61.66, 67.98, 56.35, 44.42, 48.63, 44.61], [101.23, 101.32, 102.14, 101.3, 101.29, 82.59, 101.81, 100.79, 54.82, 59.11, 57.84, 52.53, 50.55, 48.13, 42.81, 30.89], [100.93, 101.92, 101.44, 101.3, 102.12, 96.77, 102.61, 102.99, 52.5, 59.95, 53.01, 53.12, 52.21, 24.45, 62.57, 49.57], [91.88, 102.03, 101.17, 101.9, 102.03, 101.9, 90.65, 101.95, 93.9, 60.57, 52.54, 61.9, 46.51, 47.26, 36.0, 35.98], [101.79, 102.11, 102.15, 101.56, 103.86, 101.11, 102.44, 101.44, 59.03, 57.5, 61.53, 53.43, 57.36, 54.15, 39.18, 51.84], [101.03, 101.79, 101.79, 101.47, 97.74, 101.5, 101.46, 102.02, 62.8, 58.43, 92.81, 48.34, 51.8, 41.35, 46.44, 52.66], [102.22, 102.91, 103.19, 102.23, 104.64, 105.15, 102.11, 101.83, 58.41, 90.06, 60.79, 48.2, 56.65, 55.87, 43.5, 35.16], [101.54, 102.21, 102.94, 101.13, 96.12, 102.02, 100.56, 101.41, 38.26, 33.18, 55.04, 36.17, 42.49, 53.01, 41.61, 16.3], [101.61, 101.06, 104.18, 101.83, 103.46, 88.36, 100.96, 102.08, 100.63, 70.39, 47.88, 46.58, 46.87, 29.99, 48.74, 34.25], [101.39, 73.88, 101.37, 102.29, 102.11, 100.9, 103.73, 101.28, 61.36, 50.82, 23.75, 51.19, 47.37, 61.22, 41.25, 32.82], [73.39, 57.51, 66.41, 63.15, 91.11, 101.29, 101.54, 99.42, 71.42, 41.91, 31.71, 43.04, 51.37, 45.85, 31.93, 39.8], [68.24, 81.47, 66.4, 99.44, 101.66, 100.24, 102.98, 90.33, 69.02, 52.3, 37.97, 38.84, 32.42, 32.46, 38.34, 12.19], [82.66, 66.1, 93.64, 87.15, 102.52, 100.82, 101.87, 101.46, 88.15, 51.48, 35.95, 56.98, 45.48, 39.94, 36.65, 34.89], [70.69, 101.33, 85.49, 83.64, 102.05, 93.36, 101.19, 101.8, 51.71, 36.79, 44.19, 44.38, 27.12, 12.22, 56.12, 14.79], [100.61, 65.64, 77.92, 68.97, 85.59, 57.43, 93.63, 101.71, 67.14, 56.0, 36.95, 32.4, 52.24, 30.21, 37.43, 40.31]], "topScore": 105.14762703864506, "topRobot": [[3.0, 4.0, 3.0, 3.0, 4.0], [2.0, 4.0, 3.0, 0.0, 1.0], [3.0, 4.0, 0.0, 0.0, 0.0], [4.0, 1.0, 2.0, 3.0, 1.0], [0.0, 0.0, 2.0, 2.0, 4.0]], "topGenes": [[[0.0, 1.0, 1.0, 1.0, 1.0], [0.0, 1.0, 1.0, 1.0, 1.0], [1.0, 0.0, 0.0, 1.0, 0.0], [1.0, 0.0, 1.0, 0.0, 0.0], [0.0, 0.0, 0.0, 1.0, 1.0]], [[6.17, 5.84, -3.63, -5.48, 3.78], [4.109999999999999, -5.72, 6.04, -5.31, -1.16], [4.62, -1.53, 1.2, 0.09, -2.5], [-6.14, 1.45, 0.0, 2.99, 5.82], [-2.26, 1.2, -5.94, -3.48, -0.81]], [[5.3500000000000005, 4.53, 2.69, -2.7, -5.17], [-2.59, 1.44, 4.45, -2.39, -3.8], [-5.75, 4.98, 1.81, 5.53, -3.3], [0.61, -6.03, 1.6, 2.6, 2.21], [1.16, -1.64, 3.42, -2.39, -3.93]], [[5.39, -4.23, 0.87, 0.92, 6.15], [-4.39, -6.4799999999999995, -2.12, 6.9399999999999995, -5.89], [-3.58, 5.76, 0.42000000000000004, 1.51, 2.77], [-0.59, 1.0, -5.53, -1.2400000000000002, -5.52], [-0.55, -2.35, -1.54, 2.95, -3.28]]], "topRobotLocation": [5, 7], "env_1_BestScorer": [[[3.0, 4.0, 3.0, 3.0, 4.0], [2.0, 4.0, 3.0, 0.0, 1.0], [3.0, 4.0, 0.0, 0.0, 0.0], [4.0, 1.0, 2.0, 3.0, 1.0], [0.0, 0.0, 2.0, 2.0, 4.0]], [[[0.0, 1.0, 1.0, 1.0, 1.0], [0.0, 1.0, 1.0, 1.0, 1.0], [1.0, 0.0, 0.0, 1.0, 0.0], [1.0, 0.0, 1.0, 0.0, 0.0], [0.0, 0.0, 0.0, 1.0, 1.0]], [[6.17, 5.84, -3.63, -5.48, 3.78], [4.109999999999999, -5.72, 6.04, -5.31, -1.16], [4.62, -1.53, 1.2, 0.09, -2.5], [-6.14, 1.45, 0.0, 2.99, 5.82], [-2.26, 1.2, -5.94, -3.48, -0.81]], [[5.3500000000000005, 4.53, 2.69, -2.7, -5.17], [-2.59, 1.44, 4.45, -2.39, -3.8], [-5.75, 4.98, 1.81, 5.53, -3.3], [0.61, -6.03, 1.6, 2.6, 2.21], [1.16, -1.64, 3.42, -2.39, -3.93]], [[5.39, -4.23, 0.87, 0.92, 6.15], [-4.39, -6.4799999999999995, -2.12, 6.9399999999999995, -5.89], [-3.58, 5.76, 0.42000000000000004, 1.51, 2.77], [-0.59, 1.0, -5.53, -1.2400000000000002, -5.52], [-0.55, -2.35, -1.54, 2.95, -3.28]]]], "env_2_BestScorer": [[[3.0, 4.0, 3.0, 3.0, 4.0], [2.0, 4.0, 3.0, 0.0, 1.0], [3.0, 4.0, 0.0, 0.0, 0.0], [4.0, 1.0, 2.0, 3.0, 1.0], [0.0, 0.0, 2.0, 2.0, 4.0]], [[[0.0, 1.0, 1.0, 1.0, 1.0], [0.0, 1.0, 1.0, 0.0, 1.0], [1.0, 0.0, 0.0, 0.0, 0.0], [0.0, 0.0, 1.0, 0.0, 0.0], [0.0, 0.0, 0.0, 1.0, 1.0]], [[6.17, 5.84, -3.42, -5.48, 3.78], [3.38, -5.72, 6.04, -5.31, -1.16], [4.62, -1.53, 1.2, 0.09, -2.5], [-6.14, 1.45, -0.42, 2.99, 5.82], [-2.26, 1.2, -5.94, -3.48, -0.81]], [[4.48, 4.53, 2.69, -2.7, -5.17], [-2.59, 1.44, 4.45, -2.39, -3.8], [-5.75, 4.98, 1.81, 5.53, -3.3], [0.61, -6.03, 1.6, 2.6, 2.21], [1.16, -1.64, 3.42, -2.39, -3.93]], [[5.39, -4.23, 0.87, 0.92, 6.15], [-4.39, -6.4799999999999995, -2.12, 6.26, -5.89], [-4.32, 5.76, 0.42000000000000004, 1.51, 2.77], [0.27, 0.6599999999999999, -5.53, -1.85, -5.52], [-0.55, -2.35, -1.54, 2.95, -3.28]]]], "failureRateWorldData": [[18, 18], [17, 13], [11, 16], [16, 14], [11, 21], [22, 19], [20, 14], [12, 8], [12, 21], [17, 16], [16, 20], [14, 12], [16, 17], [15, 14], [12, 13], [13, 20]], "avgNewFitness": [31.728674293753595, 41.354681442575625, 43.19154300804479, 51.78315076628653, 62.60172435628374, 58.53889033831585, 62.0521623471608, 65.28152279082077, 21.669766798185236, 20.038466345870557, 17.84736114961603, 15.609962799823672, 24.386835641838807, 15.754227216745468, 15.84899093642914, 15.781374952279638], "avgFitnessDiff": [-59.008701053611844, -53.29812066263697, -54.1262247766364, -38.67485846779555, -32.8363313582042, -38.01125500731608, -39.03929249944891, -26.977095718583513, -54.41469023632652, -37.52163409441495, -31.351909786390145, -33.74557675495143, -17.894142107382006, -29.759690806971943, -24.224757918393223, -23.668761491530635]}