{"round": 300, "totalRobots": 256, "totalDeadRobots": 3400, "bestScoreWorld": [[102.52, 104.56, 104.8, 102.21, 102.17, 106.54, 102.59, 102.72, 100.98, 97.54, 97.87, 85.02, 65.09, 76.43, 61.76, 80.88], [102.95, 103.06, 103.3, 102.98, 101.78, 102.29, 102.02, 106.29, 89.9, 83.1, 83.5, 100.99, 101.17, 101.24, 62.47, 101.92], [103.43, 102.68, 102.14, 103.11, 103.31, 102.04, 103.73, 102.25, 88.09, 85.84, 89.26, 100.94, 64.09, 65.75, 100.96, 66.78], [102.03, 101.92, 103.27, 102.58, 103.73, 103.09, 104.26, 103.57, 85.27, 95.43, 80.63, 63.4, 68.58, 67.51, 75.38, 83.67], [102.26, 103.68, 102.77, 103.78, 103.93, 105.59, 102.76, 104.19, 93.9, 100.75, 101.34, 99.81, 65.63, 68.72, 69.37, 53.74], [101.8, 103.2, 102.6, 103.09, 104.27, 104.91, 103.31, 102.56, 97.07, 57.5, 61.53, 84.75, 81.63, 70.75, 70.29, 57.27], [103.21, 103.66, 104.45, 101.47, 103.51, 105.11, 102.4, 103.19, 91.38, 101.4, 95.24, 73.25, 67.72, 70.84, 72.95, 60.54], [102.89, 105.07, 104.26, 103.83, 104.64, 106.87, 104.41, 102.85, 84.09, 90.06, 75.51, 73.93, 101.41, 83.8, 70.57, 56.99], [104.08, 102.75, 103.62, 102.06, 102.05, 105.73, 102.21, 102.5, 73.36, 100.83, 100.67, 67.15, 71.04, 101.13, 66.63, 73.77], [101.77, 101.18, 105.79, 103.57, 103.46, 101.87, 104.22, 102.53, 100.63, 101.09, 72.59, 101.47, 86.43, 83.73, 67.55, 97.24], [102.45, 102.66, 102.83, 104.17, 103.15, 102.59, 104.48, 101.43, 68.22, 102.53, 100.66, 81.16, 83.43, 99.49, 73.61, 61.7], [103.44, 101.77, 103.06, 103.85, 102.17, 103.04, 102.92, 101.65, 89.27, 100.89, 53.95, 82.15, 83.33, 88.03, 76.62, 96.87], [105.54, 102.58, 103.75, 101.77, 105.27, 101.84, 102.98, 102.37, 90.4, 90.31, 83.83, 84.77, 92.01, 82.47, 102.72, 22.07], [102.5, 102.74, 103.55, 106.52, 102.52, 102.63, 101.87, 102.85, 101.86, 91.68, 97.67, 100.97, 97.46, 94.27, 82.56, 80.03], [101.8, 103.06, 104.1, 103.66, 103.43, 102.03, 104.37, 102.43, 95.27, 99.99, 90.07, 99.0, 101.76, 13.0, 76.71, 71.82], [102.55, 101.78, 102.53, 102.91, 102.51, 106.34, 104.06, 104.06, 102.01, 101.27, 90.66, 62.43, 90.06, 93.78, 101.91, 62.19]], "topScore": 106.87057504799972, "topRobot": [[3.0, 4.0, 3.0, 3.0, 4.0], [2.0, 4.0, 3.0, 0.0, 1.0], [3.0, 4.0, 0.0, 0.0, 0.0], [4.0, 1.0, 2.0, 3.0, 1.0], [0.0, 0.0, 2.0, 2.0, 4.0]], "topGenes": [[[1.0, 0.0, 1.0, 1.0, 1.0], [0.0, 1.0, 1.0, 1.0, 1.0], [1.0, 0.0, 0.0, 1.0, 0.0], [1.0, 0.0, 1.0, 0.0, 0.0], [0.0, 0.0, 0.0, 1.0, 1.0]], [[5.8, 5.84, -3.63, -5.48, 3.78], [3.38, -5.31, 6.04, -5.31, -1.16], [4.0200000000000005, -1.53, 1.2, 0.09, -2.5], [-6.14, 1.45, 0.0, 2.99, 5.82], [-2.26, 1.2, -5.94, -3.48, -0.81]], [[4.48, 4.53, 2.69, -2.7, -5.17], [-2.59, 1.44, 4.45, -1.96, -3.8], [-5.75, 4.98, 1.81, 5.53, -3.3], [0.61, -6.03, 1.6, 2.6, 2.21], [1.16, -1.64, 3.42, -2.39, -3.93]], [[5.39, -4.23, 0.87, 0.92, 6.15], [-4.39, -5.72, -2.12, 6.26, -5.89], [-3.58, 5.76, 0.42000000000000004, 1.51, 2.77], [-0.59, 1.0, -5.53, -1.2400000000000002, -5.52], [-0.55, -2.35, -1.54, 2.95, -3.28]]], "topRobotLocation": [5, 7], "env_1_BestScorer": [[[3.0, 4.0, 3.0, 3.0, 4.0], [2.0, 4.0, 3.0, 0.0, 1.0], [3.0, 4.0, 0.0, 0.0, 0.0], [4.0, 1.0, 2.0, 3.0, 1.0], [0.0, 0.0, 2.0, 2.0, 4.0]], [[[1.0, 0.0, 1.0, 1.0, 1.0], [0.0, 1.0, 1.0, 1.0, 1.0], [1.0, 0.0, 0.0, 1.0, 0.0], [1.0, 0.0, 1.0, 0.0, 0.0], [0.0, 0.0, 0.0, 1.0, 1.0]], [[5.8, 5.84, -3.63, -5.48, 3.78], [3.38, -5.31, 6.04, -5.31, -1.16], [4.0200000000000005, -1.53, 1.2, 0.09, -2.5], [-6.14, 1.45, 0.0, 2.99, 5.82], [-2.26, 1.2, -5.94, -3.48, -0.81]], [[4.48, 4.53, 2.69, -2.7, -5.17], [-2.59, 1.44, 4.45, -1.96, -3.8], [-5.75, 4.98, 1.81, 5.53, -3.3], [0.61, -6.03, 1.6, 2.6, 2.21], [1.16, -1.64, 3.42, -2.39, -3.93]], [[5.39, -4.23, 0.87, 0.92, 6.15], [-4.39, -5.72, -2.12, 6.26, -5.89], [-3.58, 5.76, 0.42000000000000004, 1.51, 2.77], [-0.59, 1.0, -5.53, -1.2400000000000002, -5.52], [-0.55, -2.35, -1.54, 2.95, -3.28]]]], "env_2_BestScorer": [[[3.0, 4.0, 3.0, 3.0, 4.0], [3.0, 4.0, 3.0, 0.0, 1.0], [3.0, 4.0, 0.0, 0.0, 0.0], [4.0, 1.0, 1.0, 3.0, 1.0], [0.0, 0.0, 2.0, 2.0, 4.0]], [[[1.0, 1.0, 1.0, 1.0, 1.0], [0.0, 1.0, 1.0, 1.0, 1.0], [0.0, 0.0, 0.0, 1.0, 0.0], [1.0, 0.0, 1.0, 1.0, 0.0], [0.0, 0.0, 0.0, 1.0, 1.0]], [[6.17, 5.84, -3.63, -5.48, 3.78], [3.38, -5.72, 5.76, -5.31, -1.16], [4.62, -1.53, 1.7799999999999998, 0.09, -2.5], [-5.489999999999999, 1.45, -0.42, 2.99, 5.82], [-2.26, 1.2, -5.94, -3.48, -0.81]], [[4.95, 4.6000000000000005, 2.69, -3.14, -5.17], [-2.59, 1.44, 4.03, -2.39, -3.8], [-5.75, 4.98, 1.81, 5.53, -3.3], [0.61, -7.0200000000000005, 0.7800000000000001, 2.6, 2.21], [1.16, -1.64, 3.42, -2.39, -3.93]], [[5.39, -5.140000000000001, 0.87, 0.92, 6.15], [-4.43, -5.72, -2.89, 6.26, -5.89], [-4.32, 5.76, 0.25, 1.51, 2.77], [-0.59, 1.0, -6.710000000000001, -1.2400000000000002, -5.52], [-0.55, -2.35, -1.54, 2.95, -3.28]]]], "failureRateWorldData": [[17, 11], [17, 22], [14, 18], [18, 12], [10, 13], [16, 19], [17, 17], [17, 12], [16, 22], [17, 18], [13, 8], [16, 19], [17, 21], [15, 13], [17, 15], [16, 16]], "avgNewFitness": [50.90753930813786, 51.081974727618075, 75.11497808825601, 33.189593519827355, 58.38491872430044, 62.92373378995607, 53.34532910994076, 64.84592909383345, 34.3899751068537, 25.094592939945034, 24.698757041083347, 36.72083273498787, 23.040552323551612, 30.14592744844571, 43.696154335203666, 35.61579863527196], "avgFitnessDiff": [-51.60063810130842, -51.87964754745145, -28.184218523125722, -70.72805907021394, -45.03613289065276, -40.32177389536345, -50.39438398167134, -35.64456662677566, -61.69709104907441, -66.27368775674934, -59.99901082326314, -50.15126399130348, -58.51311888159368, -50.25696133582143, -28.19109972010911, -35.52313719438326]}