{"round": 2110, "totalRobots": 256, "totalDeadRobots": 4357, "bestScoreWorld": [[104.32, 106.15, 104.8, 104.84, 104.35, 106.54, 102.8, 103.12, 102.25, 101.85, 101.69, 101.96, 100.7, 101.97, 96.79, 103.17], [104.33, 104.23, 109.8, 105.2, 103.86, 103.57, 104.63, 106.63, 101.91, 101.23, 102.47, 101.85, 101.86, 101.24, 102.16, 103.57], [103.48, 105.94, 102.74, 105.55, 108.99, 103.16, 106.22, 105.32, 102.54, 101.97, 103.18, 102.03, 101.02, 101.0, 102.84, 102.4], [104.42, 103.02, 104.34, 102.78, 107.36, 106.7, 109.29, 104.26, 102.29, 100.68, 102.51, 101.43, 101.5, 101.09, 102.28, 102.14], [105.02, 106.93, 105.17, 106.24, 105.42, 106.23, 106.92, 106.13, 102.13, 101.72, 101.34, 102.04, 100.61, 101.3, 102.64, 101.29], [105.24, 104.2, 103.67, 104.03, 106.07, 107.14, 104.92, 104.8, 101.53, 92.61, 100.67, 101.95, 100.68, 100.16, 101.5, 101.2], [105.28, 107.54, 106.3, 104.77, 107.32, 105.11, 105.03, 106.42, 101.12, 104.35, 101.82, 99.67, 101.27, 101.71, 102.66, 96.9], [105.58, 108.34, 110.53, 109.3, 104.77, 106.87, 104.41, 104.55, 100.71, 96.4, 102.13, 101.37, 102.57, 101.31, 100.68, 101.31], [104.89, 106.64, 113.14, 105.69, 106.77, 107.99, 105.1, 104.16, 83.74, 100.83, 101.55, 87.37, 101.55, 101.86, 100.77, 101.08], [106.64, 106.28, 105.79, 105.18, 106.34, 110.26, 106.01, 105.61, 101.41, 101.64, 92.94, 101.7, 102.31, 90.63, 101.87, 101.59], [105.57, 105.15, 104.66, 106.88, 108.3, 106.79, 106.3, 108.16, 103.36, 102.53, 102.63, 100.52, 101.47, 100.88, 92.04, 103.47], [106.12, 106.3, 103.83, 108.38, 111.21, 106.43, 105.85, 107.73, 101.89, 103.92, 66.94, 103.29, 101.38, 102.23, 91.88, 103.37], [105.65, 104.15, 106.76, 110.67, 108.51, 109.31, 106.2, 109.58, 106.02, 101.43, 102.2, 103.4, 101.76, 102.14, 103.14, 73.74], [108.56, 108.06, 106.91, 109.62, 113.38, 108.1, 108.65, 108.28, 102.33, 101.58, 101.63, 104.2, 102.11, 102.11, 102.17, 102.34], [106.28, 107.67, 108.4, 107.74, 110.54, 105.79, 110.32, 109.16, 101.07, 101.55, 103.4, 101.63, 102.27, 59.98, 94.73, 101.73], [106.21, 112.23, 113.42, 109.67, 109.07, 110.73, 110.81, 108.72, 104.93, 106.38, 102.5, 101.98, 102.3, 100.97, 101.91, 100.87]], "topScore": 113.41557338623808, "topRobot": [[3.0, 4.0, 3.0, 3.0, 4.0], [3.0, 4.0, 3.0, 0.0, 1.0], [1.0, 4.0, 0.0, 0.0, 0.0], [3.0, 1.0, 3.0, 3.0, 1.0], [0.0, 0.0, 2.0, 2.0, 4.0]], "topGenes": [[[0.0, 0.0, 0.0, 0.0, 1.0], [0.0, 0.0, 0.0, 1.0, 1.0], [1.0, 0.0, 0.0, 0.0, 0.0], [0.0, 0.0, 0.0, 0.0, 0.0], [0.0, 0.0, 0.0, 1.0, 1.0]], [[6.17, 5.84, -3.63, -6.470000000000001, 3.78], [3.38, -4.83, 6.04, -5.31, -1.16], [4.62, -0.91, 1.2, 0.09, -2.5], [-6.14, 1.45, -0.42, 2.99, 5.82], [-2.26, 1.2, -5.94, -3.48, -0.81]], [[4.48, 4.53, 2.69, -2.7, -5.17], [-2.59, 1.44, 4.45, -2.39, -3.8], [-5.75, 5.010000000000001, 1.81, 5.53, -3.3], [0.61, -6.03, 1.9200000000000002, 1.62, 2.21], [1.16, -1.64, 3.42, -2.39, -3.93]], [[4.779999999999999, -4.23, -1.26, 0.92, 6.15], [-4.39, -4.47, -2.92, 6.26, -5.89], [-4.32, 6.4799999999999995, 0.42000000000000004, 1.49, 2.77], [0.27, 0.57, -4.9, -1.85, -5.52], [-0.55, -2.35, -1.54, 2.95, -3.28]]], "topRobotLocation": [2, 15], "env_1_BestScorer": [[[3.0, 4.0, 3.0, 3.0, 4.0], [3.0, 4.0, 3.0, 0.0, 1.0], [1.0, 4.0, 0.0, 0.0, 0.0], [3.0, 1.0, 3.0, 3.0, 1.0], [0.0, 0.0, 2.0, 2.0, 4.0]], [[[0.0, 0.0, 0.0, 0.0, 1.0], [0.0, 0.0, 0.0, 1.0, 1.0], [1.0, 0.0, 0.0, 0.0, 0.0], [0.0, 0.0, 0.0, 0.0, 0.0], [0.0, 0.0, 0.0, 1.0, 1.0]], [[6.17, 5.84, -3.63, -6.470000000000001, 3.78], [3.38, -4.83, 6.04, -5.31, -1.16], [4.62, -0.91, 1.2, 0.09, -2.5], [-6.14, 1.45, -0.42, 2.99, 5.82], [-2.26, 1.2, -5.94, -3.48, -0.81]], [[4.48, 4.53, 2.69, -2.7, -5.17], [-2.59, 1.44, 4.45, -2.39, -3.8], [-5.75, 5.010000000000001, 1.81, 5.53, -3.3], [0.61, -6.03, 1.9200000000000002, 1.62, 2.21], [1.16, -1.64, 3.42, -2.39, -3.93]], [[4.779999999999999, -4.23, -1.26, 0.92, 6.15], [-4.39, -4.47, -2.92, 6.26, -5.89], [-4.32, 6.4799999999999995, 0.42000000000000004, 1.49, 2.77], [0.27, 0.57, -4.9, -1.85, -5.52], [-0.55, -2.35, -1.54, 2.95, -3.28]]]], "env_2_BestScorer": [[[3.0, 4.0, 3.0, 3.0, 4.0], [3.0, 4.0, 3.0, 0.0, 1.0], [1.0, 4.0, 0.0, 0.0, 0.0], [3.0, 1.0, 3.0, 3.0, 1.0], [0.0, 0.0, 2.0, 2.0, 4.0]], [[[0.0, 0.0, 0.0, 0.0, 1.0], [0.0, 0.0, 0.0, 1.0, 1.0], [1.0, 0.0, 0.0, 0.0, 0.0], [0.0, 1.0, 0.0, 0.0, 0.0], [0.0, 0.0, 0.0, 1.0, 1.0]], [[6.17, 5.84, -3.63, -5.48, 3.78], [3.38, -4.83, 6.04, -5.31, -1.16], [4.62, -0.91, 1.2, 0.09, -2.5], [-6.14, 1.45, -0.6799999999999999, 2.99, 5.82], [-2.26, 1.2, -5.94, -3.48, -0.81]], [[4.48, 4.53, 2.69, -2.7, -5.17], [-2.59, 1.44, 4.45, -2.39, -3.8], [-5.75, 5.010000000000001, 1.81, 5.53, -3.3], [0.18, -6.03, 0.8100000000000002, 1.98, 2.21], [1.16, -1.64, 3.42, -2.39, -3.93]], [[4.779999999999999, -4.23, -1.26, 0.92, 6.15], [-4.39, -4.47, -2.12, 6.26, -5.89], [-4.32, 6.4799999999999995, 0.42000000000000004, 1.49, 2.77], [0.27, 1.0, -5.53, -1.85, -5.52], [-0.55, -2.35, -1.54, 2.95, -3.28]]]], "failureRateWorldData": [[14, 13], [22, 14], [14, 19], [16, 21], [14, 12], [16, 20], [15, 12], [17, 16], [17, 12], [14, 22], [16, 12], [16, 18], [14, 15], [20, 19], [13, 16], [17, 15]], "avgNewFitness": [47.580367839027296, 58.1006508626909, 63.943027605075976, 69.5904090284648, 44.90022582580838, 64.61636769072113, 65.89238145061711, 64.23768285203664, 33.00307220626769, 27.081097957051984, 34.334445027034825, 18.913065707403202, 32.68288185475564, 20.906983441613118, 28.706400695979518, 36.99220054511146], "avgFitnessDiff": [-58.38869613174062, -47.95132472176424, -42.65656227873358, -38.007473067539934, -61.4697494803388, -41.63614139996527, -40.828674856352755, -41.7696907387296, -69.05498957246827, -74.60185405789137, -67.2530397459624, -81.00218546009413, -64.41553008536411, -79.57998577148341, -72.37478913186628, -63.040746465825194]}