{"round": 330, "totalRobots": 256, "totalDeadRobots": 3444, "bestScoreWorld": [[102.52, 104.56, 104.8, 104.25, 102.17, 106.54, 102.59, 102.73, 100.98, 97.54, 97.87, 85.02, 66.93, 76.43, 61.76, 101.9], [102.95, 103.06, 103.3, 102.98, 101.78, 102.42, 102.45, 106.29, 89.9, 83.1, 89.0, 100.99, 101.17, 101.24, 62.47, 101.92], [103.43, 102.68, 102.14, 103.11, 103.31, 102.04, 103.73, 102.25, 102.25, 86.93, 101.2, 102.03, 64.09, 65.75, 100.96, 66.78], [102.03, 101.92, 103.27, 102.58, 103.73, 103.09, 104.26, 103.57, 85.27, 95.43, 80.63, 63.4, 68.58, 67.51, 75.38, 83.67], [102.26, 103.68, 102.77, 103.78, 103.93, 105.59, 102.76, 104.19, 97.7, 100.75, 101.34, 99.81, 77.38, 100.51, 69.37, 68.54], [101.8, 103.2, 102.6, 103.09, 104.27, 104.91, 103.31, 102.56, 97.07, 57.5, 72.1, 99.54, 88.77, 70.75, 70.29, 57.27], [103.21, 103.66, 104.45, 101.98, 103.51, 105.11, 102.98, 103.19, 91.38, 101.4, 95.24, 73.25, 86.54, 70.84, 81.31, 60.54], [102.89, 105.07, 104.26, 104.76, 104.64, 106.87, 104.41, 102.85, 84.09, 90.06, 75.51, 73.93, 101.41, 83.8, 70.57, 56.99], [104.08, 102.75, 103.62, 102.06, 102.05, 105.73, 102.21, 102.5, 73.36, 100.83, 100.67, 67.15, 71.04, 101.13, 66.63, 73.77], [101.96, 101.18, 105.79, 103.57, 103.46, 101.87, 104.22, 102.61, 100.63, 101.09, 75.16, 101.47, 86.43, 83.73, 93.2, 97.24], [102.45, 102.66, 103.22, 104.17, 103.15, 102.59, 104.48, 101.43, 73.75, 102.53, 101.09, 81.16, 83.43, 99.49, 73.61, 64.59], [103.44, 101.77, 103.06, 103.85, 102.17, 103.91, 102.92, 101.65, 89.27, 101.14, 57.98, 82.15, 83.33, 88.03, 86.23, 96.87], [105.54, 102.58, 103.75, 102.53, 105.27, 101.84, 102.98, 102.8, 90.41, 90.31, 83.83, 84.77, 92.01, 82.47, 102.72, 22.07], [102.5, 102.74, 103.55, 106.52, 102.52, 102.63, 101.87, 104.38, 101.86, 100.82, 98.88, 100.97, 97.46, 94.27, 82.56, 80.03], [101.8, 103.06, 104.1, 103.66, 103.43, 102.03, 104.37, 103.0, 95.27, 99.99, 90.07, 99.0, 101.76, 13.0, 80.43, 71.82], [102.55, 102.04, 102.53, 102.91, 102.51, 106.34, 104.06, 104.06, 102.01, 101.27, 90.66, 62.43, 90.06, 93.78, 101.91, 62.19]], "topScore": 106.87057504799972, "topRobot": [[3.0, 4.0, 3.0, 3.0, 4.0], [2.0, 4.0, 3.0, 0.0, 1.0], [3.0, 4.0, 0.0, 0.0, 0.0], [4.0, 1.0, 2.0, 3.0, 1.0], [0.0, 0.0, 2.0, 2.0, 4.0]], "topGenes": [[[1.0, 0.0, 1.0, 1.0, 1.0], [0.0, 1.0, 1.0, 1.0, 1.0], [1.0, 0.0, 0.0, 1.0, 0.0], [1.0, 0.0, 1.0, 0.0, 0.0], [0.0, 0.0, 0.0, 1.0, 1.0]], [[5.8, 5.84, -3.63, -5.48, 3.78], [3.38, -5.31, 6.04, -5.31, -1.16], [4.0200000000000005, -1.53, 1.2, 0.09, -2.5], [-6.14, 1.45, 0.0, 2.99, 5.82], [-2.26, 1.2, -5.94, -3.48, -0.81]], [[4.48, 4.53, 2.69, -2.7, -5.17], [-2.59, 1.44, 4.45, -1.96, -3.8], [-5.75, 4.98, 1.81, 5.53, -3.3], [0.61, -6.03, 1.6, 2.6, 2.21], [1.16, -1.64, 3.42, -2.39, -3.93]], [[5.39, -4.23, 0.87, 0.92, 6.15], [-4.39, -5.72, -2.12, 6.26, -5.89], [-3.58, 5.76, 0.42000000000000004, 1.51, 2.77], [-0.59, 1.0, -5.53, -1.2400000000000002, -5.52], [-0.55, -2.35, -1.54, 2.95, -3.28]]], "topRobotLocation": [5, 7], "env_1_BestScorer": [[[3.0, 4.0, 3.0, 3.0, 4.0], [2.0, 4.0, 3.0, 0.0, 1.0], [3.0, 4.0, 0.0, 0.0, 0.0], [4.0, 1.0, 2.0, 3.0, 1.0], [0.0, 0.0, 2.0, 2.0, 4.0]], [[[1.0, 0.0, 1.0, 1.0, 1.0], [0.0, 1.0, 1.0, 1.0, 1.0], [1.0, 0.0, 0.0, 1.0, 0.0], [1.0, 0.0, 1.0, 0.0, 0.0], [0.0, 0.0, 0.0, 1.0, 1.0]], [[5.8, 5.84, -3.63, -5.48, 3.78], [3.38, -5.31, 6.04, -5.31, -1.16], [4.0200000000000005, -1.53, 1.2, 0.09, -2.5], [-6.14, 1.45, 0.0, 2.99, 5.82], [-2.26, 1.2, -5.94, -3.48, -0.81]], [[4.48, 4.53, 2.69, -2.7, -5.17], [-2.59, 1.44, 4.45, -1.96, -3.8], [-5.75, 4.98, 1.81, 5.53, -3.3], [0.61, -6.03, 1.6, 2.6, 2.21], [1.16, -1.64, 3.42, -2.39, -3.93]], [[5.39, -4.23, 0.87, 0.92, 6.15], [-4.39, -5.72, -2.12, 6.26, -5.89], [-3.58, 5.76, 0.42000000000000004, 1.51, 2.77], [-0.59, 1.0, -5.53, -1.2400000000000002, -5.52], [-0.55, -2.35, -1.54, 2.95, -3.28]]]], "env_2_BestScorer": [[[3.0, 4.0, 3.0, 3.0, 4.0], [3.0, 4.0, 3.0, 0.0, 1.0], [3.0, 4.0, 0.0, 0.0, 0.0], [4.0, 1.0, 1.0, 3.0, 1.0], [0.0, 0.0, 2.0, 2.0, 4.0]], [[[1.0, 1.0, 1.0, 1.0, 1.0], [0.0, 1.0, 1.0, 1.0, 1.0], [0.0, 0.0, 0.0, 1.0, 0.0], [1.0, 0.0, 1.0, 1.0, 0.0], [0.0, 0.0, 0.0, 1.0, 1.0]], [[6.17, 5.84, -3.63, -5.48, 3.78], [3.38, -5.72, 5.76, -5.31, -1.16], [4.62, -1.53, 1.7799999999999998, 0.09, -2.5], [-5.489999999999999, 1.45, -0.42, 2.99, 5.82], [-2.26, 1.2, -5.94, -3.48, -0.81]], [[4.95, 4.6000000000000005, 2.69, -3.14, -5.17], [-2.59, 1.44, 4.03, -2.39, -3.8], [-5.75, 4.98, 1.81, 5.53, -3.3], [0.61, -7.0200000000000005, 0.7800000000000001, 2.6, 2.21], [1.16, -1.64, 3.42, -2.39, -3.93]], [[5.39, -5.140000000000001, 0.87, 0.92, 6.15], [-4.43, -5.72, -2.89, 6.26, -5.89], [-4.32, 5.76, 0.25, 1.51, 2.77], [-0.59, 1.0, -6.710000000000001, -1.2400000000000002, -5.52], [-0.55, -2.35, -1.54, 2.95, -3.28]]]], "failureRateWorldData": [[13, 15], [22, 16], [12, 17], [18, 19], [11, 9], [18, 20], [13, 12], [18, 19], [14, 20], [22, 17], [12, 15], [17, 10], [17, 14], [12, 21], [15, 11], [19, 21]], "avgNewFitness": [58.364563229862, 59.5909534600651, 60.15427263005914, 53.848088962748456, 57.71088176969507, 59.568719797544965, 32.00484131646687, 65.71063587148821, 28.96069390036693, 22.608895443263226, 23.367751933124406, 29.675612217128894, 36.329475358124675, 26.973299085322928, 19.389447035895152, 35.917173441330355], "avgFitnessDiff": [-44.61693770208792, -43.613951994432256, -42.99148652927813, -49.71709832691952, -45.615352922077186, -43.78396273715939, -71.4604709041778, -34.490263258757786, -66.48101394010999, -67.41350391845603, -71.0879346404795, -59.609159502241006, -46.35446917721723, -52.31167686746697, -66.3974199324321, -35.34750209303034]}