{"round": 470, "totalRobots": 256, "totalDeadRobots": 3643, "bestScoreWorld": [[103.45, 105.11, 104.8, 104.25, 102.17, 106.54, 102.66, 102.73, 100.98, 97.54, 100.9, 85.02, 66.93, 94.23, 61.76, 101.9], [102.95, 103.06, 104.08, 103.05, 101.79, 103.57, 102.8, 106.29, 89.9, 101.23, 98.17, 101.67, 101.17, 101.24, 85.15, 101.92], [103.48, 103.24, 102.14, 104.93, 103.44, 102.15, 103.73, 102.8, 102.25, 101.0, 102.13, 102.03, 64.09, 73.6, 100.96, 99.49], [104.42, 101.92, 104.34, 102.78, 104.9, 103.25, 104.26, 103.57, 100.27, 97.93, 88.89, 101.0, 68.58, 101.09, 98.39, 95.35], [102.26, 104.89, 103.08, 104.47, 105.19, 105.59, 103.3, 104.19, 97.7, 101.02, 101.34, 102.04, 96.35, 100.51, 93.89, 89.24], [102.18, 103.2, 102.6, 103.09, 104.27, 106.13, 104.67, 103.03, 97.18, 57.5, 72.1, 99.54, 96.04, 96.23, 94.32, 83.33], [103.21, 104.31, 104.45, 101.98, 103.51, 105.11, 103.14, 106.42, 91.38, 101.4, 100.52, 73.25, 91.41, 84.17, 101.24, 81.84], [102.89, 106.57, 105.25, 104.76, 104.77, 106.87, 104.41, 102.85, 84.09, 94.67, 100.96, 100.87, 101.41, 83.8, 71.58, 67.13], [104.26, 102.75, 104.47, 103.48, 102.05, 105.77, 102.21, 104.12, 73.36, 100.83, 100.67, 87.37, 84.5, 101.13, 95.98, 79.68], [101.96, 102.02, 105.79, 103.57, 103.46, 101.87, 104.22, 102.64, 100.63, 101.09, 81.4, 101.48, 95.93, 86.6, 93.2, 101.03], [103.16, 102.66, 103.22, 104.17, 103.15, 102.59, 104.48, 101.54, 102.62, 102.53, 101.09, 81.16, 94.17, 99.49, 92.04, 101.55], [103.58, 105.24, 103.83, 104.52, 102.96, 103.91, 102.92, 101.65, 89.27, 103.92, 57.98, 103.24, 83.33, 88.03, 86.23, 99.68], [105.54, 104.15, 105.52, 102.77, 105.27, 101.84, 103.6, 102.8, 93.02, 90.31, 83.83, 86.72, 100.78, 83.52, 102.72, 41.46], [103.84, 102.74, 103.91, 106.52, 102.52, 102.63, 101.87, 104.38, 101.86, 100.82, 101.63, 102.23, 100.96, 102.11, 91.69, 95.22], [102.14, 103.06, 104.1, 103.66, 103.43, 102.52, 104.37, 103.25, 95.27, 100.62, 101.03, 99.0, 101.76, 59.98, 85.16, 91.15], [102.55, 102.09, 103.29, 102.91, 102.51, 106.34, 104.06, 104.44, 102.01, 101.27, 102.19, 94.77, 90.06, 93.78, 101.91, 69.85]], "topScore": 106.87057504799972, "topRobot": [[3.0, 4.0, 3.0, 3.0, 4.0], [2.0, 4.0, 3.0, 0.0, 1.0], [3.0, 4.0, 0.0, 0.0, 0.0], [4.0, 1.0, 2.0, 3.0, 1.0], [0.0, 0.0, 2.0, 2.0, 4.0]], "topGenes": [[[1.0, 0.0, 1.0, 1.0, 1.0], [0.0, 1.0, 1.0, 1.0, 1.0], [1.0, 0.0, 0.0, 1.0, 0.0], [1.0, 0.0, 1.0, 0.0, 0.0], [0.0, 0.0, 0.0, 1.0, 1.0]], [[5.8, 5.84, -3.63, -5.48, 3.78], [3.38, -5.31, 6.04, -5.31, -1.16], [4.0200000000000005, -1.53, 1.2, 0.09, -2.5], [-6.14, 1.45, 0.0, 2.99, 5.82], [-2.26, 1.2, -5.94, -3.48, -0.81]], [[4.48, 4.53, 2.69, -2.7, -5.17], [-2.59, 1.44, 4.45, -1.96, -3.8], [-5.75, 4.98, 1.81, 5.53, -3.3], [0.61, -6.03, 1.6, 2.6, 2.21], [1.16, -1.64, 3.42, -2.39, -3.93]], [[5.39, -4.23, 0.87, 0.92, 6.15], [-4.39, -5.72, -2.12, 6.26, -5.89], [-3.58, 5.76, 0.42000000000000004, 1.51, 2.77], [-0.59, 1.0, -5.53, -1.2400000000000002, -5.52], [-0.55, -2.35, -1.54, 2.95, -3.28]]], "topRobotLocation": [5, 7], "env_1_BestScorer": [[[3.0, 4.0, 3.0, 3.0, 4.0], [2.0, 4.0, 3.0, 0.0, 1.0], [3.0, 4.0, 0.0, 0.0, 0.0], [4.0, 1.0, 2.0, 3.0, 1.0], [0.0, 0.0, 2.0, 2.0, 4.0]], [[[1.0, 0.0, 1.0, 1.0, 1.0], [0.0, 1.0, 1.0, 1.0, 1.0], [1.0, 0.0, 0.0, 1.0, 0.0], [1.0, 0.0, 1.0, 0.0, 0.0], [0.0, 0.0, 0.0, 1.0, 1.0]], [[5.8, 5.84, -3.63, -5.48, 3.78], [3.38, -5.31, 6.04, -5.31, -1.16], [4.0200000000000005, -1.53, 1.2, 0.09, -2.5], [-6.14, 1.45, 0.0, 2.99, 5.82], [-2.26, 1.2, -5.94, -3.48, -0.81]], [[4.48, 4.53, 2.69, -2.7, -5.17], [-2.59, 1.44, 4.45, -1.96, -3.8], [-5.75, 4.98, 1.81, 5.53, -3.3], [0.61, -6.03, 1.6, 2.6, 2.21], [1.16, -1.64, 3.42, -2.39, -3.93]], [[5.39, -4.23, 0.87, 0.92, 6.15], [-4.39, -5.72, -2.12, 6.26, -5.89], [-3.58, 5.76, 0.42000000000000004, 1.51, 2.77], [-0.59, 1.0, -5.53, -1.2400000000000002, -5.52], [-0.55, -2.35, -1.54, 2.95, -3.28]]]], "env_2_BestScorer": [[[3.0, 4.0, 3.0, 3.0, 4.0], [2.0, 4.0, 3.0, 0.0, 1.0], [3.0, 4.0, 0.0, 0.0, 0.0], [3.0, 1.0, 1.0, 3.0, 1.0], [0.0, 0.0, 2.0, 2.0, 4.0]], [[[0.0, 0.0, 0.0, 1.0, 1.0], [0.0, 1.0, 1.0, 1.0, 1.0], [0.0, 1.0, 1.0, 1.0, 0.0], [1.0, 0.0, 1.0, 1.0, 0.0], [0.0, 0.0, 0.0, 1.0, 1.0]], [[6.17, 5.84, -3.42, -5.48, 3.78], [3.38, -5.72, 6.04, -5.31, -1.16], [4.21, -1.53, 1.6199999999999999, 0.09, -2.5], [-6.779999999999999, 2.3899999999999997, -0.21999999999999997, 2.99, 5.82], [-2.26, 1.2, -5.94, -3.48, -0.81]], [[4.48, 4.53, 2.69, -2.7, -5.17], [-2.59, 1.44, 4.45, -2.39, -3.8], [-6.27, 4.8500000000000005, 1.81, 5.53, -3.3], [0.61, -6.03, 1.6, 1.9700000000000002, 2.21], [1.16, -1.64, 3.42, -2.39, -3.93]], [[5.39, -4.23, 0.87, 0.92, 6.15], [-4.39, -6.4799999999999995, -2.12, 6.26, -5.89], [-2.69, 4.81, 0.97, 1.51, 2.77], [0.27, 1.0, -5.53, -1.85, -5.52], [-0.55, -2.35, -1.54, 2.95, -3.28]]]], "failureRateWorldData": [[14, 14], [18, 17], [13, 15], [17, 19], [15, 10], [16, 20], [14, 14], [22, 14], [11, 17], [17, 22], [20, 13], [15, 15], [13, 20], [15, 11], [22, 19], [12, 16]], "avgNewFitness": [52.969602449386905, 62.5666267638582, 59.81088430346857, 55.94066872939689, 70.37929838066641, 64.96015877037567, 32.84824622846406, 51.031738159506936, 28.111583896490853, 30.644060342873853, 26.557117493872628, 24.634085806591642, 26.245207088891657, 19.834947317228966, 29.54557952574144, 32.37775609692499], "avgFitnessDiff": [-50.05969792547943, -40.96149592988642, -44.456498941668535, -47.604902742277226, -33.91632336907658, -38.73374976013115, -70.89216298277802, -50.64129684780328, -70.79172975387183, -65.85761787351248, -71.3745584874295, -66.12511808960195, -66.45669252677855, -65.64507711854344, -57.19825299265303, -61.05045900946007]}